"path","bytes","sha256"
"knowledge-base/prabhupada-corpus/audio-transcripts/000_01_README_NotebookLM.md","587","00a8ff46d68630a2257c0ff365e8d6fa21a88c6af014ce822ed96ecbd8b3c8b1"
"knowledge-base/prabhupada-corpus/audio-transcripts/000_02_Master_Corpus_Index.md","102214","80534d0e35d6bb0ca13c06f84c86b419d38093f039c78bfffaaf4a724fcfd937"
"knowledge-base/prabhupada-corpus/audio-transcripts/000_03_Adaptive_Vocabulary_1.0.md","3881","f3129280868acb1367fc8108018f76843189c58630c82c9c6e6d6e736d88c25c"
"knowledge-base/prabhupada-corpus/audio-transcripts/000_04_Edge_Cases.md","8996","6bed7297c5784bad4c258bb7c5d6b1a8a2e6925988f2e75eae0828e7b44c7fd9"
"knowledge-base/prabhupada-corpus/audio-transcripts/000_05_Scriptural_Reference_Guide.md","12155","83654c6773e02e7e7d27896304b2fc1a4719a9ce036461f7c1d36695b2bfb865"
"knowledge-base/prabhupada-corpus/audio-transcripts/000_06_Event_Type_Guide.md","236","d8acd9eb79efc1a517560bd2da62237af0dbb8f693db5a84efb20504e68f6e21"
"knowledge-base/prabhupada-corpus/audio-transcripts/000_07_Speaker_Authority_Index.md","2523","734a8c2c89bc2ae97126ff4435365d90d2e2a9436005c689a1cce0ed2f561a7f"
"knowledge-base/prabhupada-corpus/audio-transcripts/000_08_Source_and_Segmentation_Map.md","20892","f00be776751937b95c170fa45d044e3aa54a2358ebe3022a9911cdafae246706"
"knowledge-base/prabhupada-corpus/audio-transcripts/000_09_Search_and_Citation_Guide.md","825","4fc76fa7ea38b71fb5cdb68923b5c76daace1b0f387f7175e2f1ae79d02e4a05"
"knowledge-base/prabhupada-corpus/audio-transcripts/000_10_Final_QA.md","512","a9f77b7e7d8ec46e8cbbd7f5e2333b4d7ab3587db10916c76510c3157ac6fffa"
"knowledge-base/prabhupada-corpus/audio-transcripts/001_1967_Conversations_Part_01.md","77926","76668c98fb66ecc2d3188cd90a251c02c029e6fd000779ea6c884245604db638"
"knowledge-base/prabhupada-corpus/audio-transcripts/002_1968_Conversations_Part_01.md","433185","ef33a45c66c3932eb2cbb1c8b0800398f542ca1ea056f9e36ff416f4216ab660"
"knowledge-base/prabhupada-corpus/audio-transcripts/003_1969_Conversations_Part_01.md","286058","a7da9f6dad10484a51cfed4724b48d3746b010b3a9332c2311c45bbb8dad7130"
"knowledge-base/prabhupada-corpus/audio-transcripts/004_1969_Conversations_Part_02.md","259940","701aa095712fb0f4c2d84c2d72ba337edebd2c741fcbe2ca8803612521b7c0fa"
"knowledge-base/prabhupada-corpus/audio-transcripts/005_1970_Conversations_Part_01.md","178620","d8a6ecd24c77f5c60986357425b7da313d5748a47c63b0308411f2ae04ff9037"
"knowledge-base/prabhupada-corpus/audio-transcripts/006_1971_Conversations_Part_01.md","249273","bc6c61ad3daf388789af8b787a7e9ff9da24f7c1f0c0974b0173143d3e85ac12"
"knowledge-base/prabhupada-corpus/audio-transcripts/007_1971_Conversations_Part_02.md","252729","dbdd6cce1ca576abfa73b2db9040ce2eac3f9cabadefa20f4b6a38534670e737"
"knowledge-base/prabhupada-corpus/audio-transcripts/008_1971_Conversations_Part_03.md","266013","e0d186f410b02da19893e6f8c362c00e5eef54634c868e2c564ea00f046ecb67"
"knowledge-base/prabhupada-corpus/audio-transcripts/009_1972_Conversations_Part_01.md","278343","86cfa268a56b28bec1ed7ace944477c41017708e86416289d634f60593f17274"
"knowledge-base/prabhupada-corpus/audio-transcripts/010_1972_Conversations_Part_02.md","284799","332fd2fe59927bda52b5837e380a58b4354b4f38931a9da5c307e481c5eae066"
"knowledge-base/prabhupada-corpus/audio-transcripts/011_1972_Conversations_Part_03.md","266622","c52e197129c8a5a2939791e9928118efda982090d1e0b12e83848f871a6f9462"
"knowledge-base/prabhupada-corpus/audio-transcripts/012_1972_Conversations_Part_04.md","271080","315313ba8f791f3f031c6691d0e2895d8cc38379c7a634a1c1f66ee202a87f49"
"knowledge-base/prabhupada-corpus/audio-transcripts/013_1973_Conversations_Part_01.md","287851","021d549c20d18fddf29e4da58d000547cd831c4b5e28046ff0dd4631b9a14f31"
"knowledge-base/prabhupada-corpus/audio-transcripts/014_1973_Conversations_Part_02.md","291259","e7805e5a0444f809def504788dfec7ac4a65d1c69f8b82eb001a874a011943c2"
"knowledge-base/prabhupada-corpus/audio-transcripts/015_1973_Conversations_Part_03.md","268601","171bf46abc3e84228738bfdadd5fe039e85dd360d623eed88e258ccbf8063e4a"
"knowledge-base/prabhupada-corpus/audio-transcripts/016_1973_Conversations_Part_04.md","300362","e5f7a177d5f7ee1c8d0dd878cd6533a0a4161b6a9f1ef86abb5ca6c99b3d6e15"
"knowledge-base/prabhupada-corpus/audio-transcripts/017_1973_Conversations_Part_05.md","312722","1246c192da6af05109d1261a52528f7d6539a40abf1c0464f8c563b6e504d17b"
"knowledge-base/prabhupada-corpus/audio-transcripts/018_1973_Conversations_Part_06.md","304559","289aab49fca9eea54103b5a0e648107ee19d154ab7932577fb41ee37e6c14913"
"knowledge-base/prabhupada-corpus/audio-transcripts/019_1973_Conversations_Part_07.md","318590","ff7c74f3d798e6c0e60e7fefaffe7ed3fbdb7718adb28129a6b0666034735cdc"
"knowledge-base/prabhupada-corpus/audio-transcripts/020_1973_Conversations_Part_08.md","314234","c08f267246803974d32ff8947bb7e1a96c2681adef8ac8ed191845b82f1e4e19"
"knowledge-base/prabhupada-corpus/audio-transcripts/021_1973_Conversations_Part_09.md","296365","7c1ee06c2b9eb5cb4235cc9114ed23c95ccdd7b811d298cc17faf2c984b6b7f4"
"knowledge-base/prabhupada-corpus/audio-transcripts/022_1973_Conversations_Part_10.md","281138","7d85e35921d4b1dd0d8c50238efcf732d2fa3c986f7823772986bdaa72894b40"
"knowledge-base/prabhupada-corpus/audio-transcripts/023_1974_Conversations_Part_01.md","293736","ca4dc145eae0a231ebc71f9dca09ddeab486a004e9ce371c8292d04d57f70849"
"knowledge-base/prabhupada-corpus/audio-transcripts/024_1974_Conversations_Part_02.md","310453","f465948d1a7facb60b40f42cefcad27a165d52e107c1935abeb6cad3d7f19aae"
"knowledge-base/prabhupada-corpus/audio-transcripts/025_1974_Conversations_Part_03.md","288565","82d83f7ca3459d32531e66ea5c286df5e6b0eba7ae326d0320ae7477c9ccb055"
"knowledge-base/prabhupada-corpus/audio-transcripts/026_1974_Conversations_Part_04.md","322894","6f6a118dd34da06cfa1d729040e5c5f9f2e1bc5d70868b4c97140fe1834053f5"
"knowledge-base/prabhupada-corpus/audio-transcripts/027_1974_Conversations_Part_05.md","305005","da2f91b9c779aefce52a5acc80bfe1f59614be05583183970889137bbcf8a5e8"
"knowledge-base/prabhupada-corpus/audio-transcripts/028_1974_Conversations_Part_06.md","308025","faefad3de819cf17b181d078874ac05484e8a65b12f918a271ed08df8a1807bd"
"knowledge-base/prabhupada-corpus/audio-transcripts/029_1974_Conversations_Part_07.md","297100","ad6aef2a147eae52ce3cdeb190fd72e3bac6cfd0f39d6ba3326736d8300148fa"
"knowledge-base/prabhupada-corpus/audio-transcripts/030_1974_Conversations_Part_08.md","307334","3ad443595dc677aaf9d3c7833cbd25620f9ca4315f79fd9acdf8508050a863a7"
"knowledge-base/prabhupada-corpus/audio-transcripts/031_1974_Conversations_Part_09.md","301470","c98c9d5431078c004247ff845b734b1db9a8214a2b993414a67522d1fb13bbc9"
"knowledge-base/prabhupada-corpus/audio-transcripts/032_1974_Conversations_Part_10.md","307646","9307a87bd6a1632a785183b3e3f319990299a3f5dc1ccd46cd7bfc20f032c838"
"knowledge-base/prabhupada-corpus/audio-transcripts/033_1974_Conversations_Part_11.md","301454","685da13e95ae4df992c2fdecd8d83d9ee16e512c43d11b590d4ee98455efcff9"
"knowledge-base/prabhupada-corpus/audio-transcripts/034_1975_Conversations_Part_01.md","287088","31702841d87ea5254da8a7ed6d4e74010776544bd11c6fba571a669585ab3104"
"knowledge-base/prabhupada-corpus/audio-transcripts/035_1975_Conversations_Part_02.md","275828","ddd97a4df98027c71bed548b7891d5379d2399dbaa75bffe7739998db5defb0c"
"knowledge-base/prabhupada-corpus/audio-transcripts/036_1975_Conversations_Part_03.md","298157","8577134c9bbd6f085481c3fbc9d4713c1058907034e2eee1338c959312be4c9d"
"knowledge-base/prabhupada-corpus/audio-transcripts/037_1975_Conversations_Part_04.md","290634","c87165f10cfa84f85da9b73607ae542917fe30ec96077457ec511c5248aea1c2"
"knowledge-base/prabhupada-corpus/audio-transcripts/038_1975_Conversations_Part_05.md","261075","3e4810b7144c7ac8a1ee452618bc0c45717f1f08bf340fb85744c6901878c5d6"
"knowledge-base/prabhupada-corpus/audio-transcripts/039_1975_Conversations_Part_06.md","273103","2c6964e8b5c1af7d0b51b4619ab5ddcfd0d6f3087f8b2705f9828013c4c9b9c3"
"knowledge-base/prabhupada-corpus/audio-transcripts/040_1975_Conversations_Part_07.md","272501","c0e2da5302cf47a5a06d1aef5b0da56be9fd05bbb7fa1c9fa3c16d1abfe45cfb"
"knowledge-base/prabhupada-corpus/audio-transcripts/041_1975_Conversations_Part_08.md","273540","0f95776476a2e65ddfadee4d1cbf8cda2fbe8c12e7227b7a502cd96dc9304546"
"knowledge-base/prabhupada-corpus/audio-transcripts/042_1975_Conversations_Part_09.md","275775","3098679119a95af4abafe49092feaae3836d85085241ff8bdf85a19bd97a1168"
"knowledge-base/prabhupada-corpus/audio-transcripts/043_1975_Conversations_Part_10.md","275710","59c803c79aa09b4d99d7c2cf7baf62bf080f0ac265493b8694221a3d2e29a703"
"knowledge-base/prabhupada-corpus/audio-transcripts/044_1975_Conversations_Part_11.md","284244","1077889b1662c85897fe6f3f6525ad83816336848bbbf1aae74e5e0921102b60"
"knowledge-base/prabhupada-corpus/audio-transcripts/045_1975_Conversations_Part_12.md","284072","a8125e685c39767c86486668f3b06e94e733842a5185bb5c5a447e1c8b6a0e6f"
"knowledge-base/prabhupada-corpus/audio-transcripts/046_1975_Conversations_Part_13.md","275203","615645e91f545c2b72d17078889c94357eb60f0a77c88f8c99a9b96daf01f924"
"knowledge-base/prabhupada-corpus/audio-transcripts/047_1975_Conversations_Part_14.md","297299","bad160a744ba80a762f8962694e83c969caa2f62788858f8be8303d6afd59beb"
"knowledge-base/prabhupada-corpus/audio-transcripts/048_1975_Conversations_Part_15.md","295414","d246344769f1f7ffc219d8640e12fb6b8706e20bd41feb585b39eaf477c13b81"
"knowledge-base/prabhupada-corpus/audio-transcripts/049_1975_Conversations_Part_16.md","239182","7aec6528713cb79be3ef5b940fa2f61d04fe590ea3f25a5ec8a30c435fe6d01d"
"knowledge-base/prabhupada-corpus/audio-transcripts/050_1975_Conversations_Part_17.md","282474","762661dfadbd63ff717cacf7504e9d80590906762bf52f380b192ab4930d558c"
"knowledge-base/prabhupada-corpus/audio-transcripts/051_1975_Conversations_Part_18.md","304974","57b8de2f4da0da94849046df2c8fa4f462509fa49a9828a72be128ce5ac5ca71"
"knowledge-base/prabhupada-corpus/audio-transcripts/052_1975_Conversations_Part_19.md","287009","b330540e1c59b97bd8462aaf36dc5ffaf2065a12b19f3457163dd86696bb6993"
"knowledge-base/prabhupada-corpus/audio-transcripts/053_1975_Conversations_Part_20.md","292394","05b6119a2a70fe8afbbbf7f0b8f2eb8f492ed1d33f6b4cb6e1bbe59fa206af60"
"knowledge-base/prabhupada-corpus/audio-transcripts/054_1976_Conversations_Part_01.md","282611","37f631fb4f4de164d59518bac22e179cc618e5744f4557ad0a7d6849f3173b56"
"knowledge-base/prabhupada-corpus/audio-transcripts/055_1976_Conversations_Part_02.md","296445","510ac3cf36c89cf7ecb060bb827d0c30b150ffd8b1527b08f01f4bbc06c94b72"
"knowledge-base/prabhupada-corpus/audio-transcripts/056_1976_Conversations_Part_03.md","292262","91f1c4b9f48b476c7d2cbaf9efbecabd1389ebf2d42697f4d5c4f9675d195e13"
"knowledge-base/prabhupada-corpus/audio-transcripts/057_1976_Conversations_Part_04.md","303354","93d4fbb2e2c73f4c6a70a3ab4a7221f3e50fee0329be837fedd430f900f5ed95"
"knowledge-base/prabhupada-corpus/audio-transcripts/058_1976_Conversations_Part_05.md","252850","22867b84a0d0548bc22ea8a2815c50f11c0c2e985f84425b39768e2c4fd21c9f"
"knowledge-base/prabhupada-corpus/audio-transcripts/059_1976_Conversations_Part_06.md","294343","9ba9eb97429b08b7b75b9714589ae1bbd56977fd5c8c061d85d5f01e7f2e5cb2"
"knowledge-base/prabhupada-corpus/audio-transcripts/060_1976_Conversations_Part_07.md","293830","f6308d65adb8aa640a1dd667f785f428946e15db4cd5ac129ec05c9eed7abb9b"
"knowledge-base/prabhupada-corpus/audio-transcripts/061_1976_Conversations_Part_08.md","311399","d5cda3f7a10124adababc4660bc6e22a175216847d334a214e4f1cd1ce819e12"
"knowledge-base/prabhupada-corpus/audio-transcripts/062_1976_Conversations_Part_09.md","284739","9741d0854ccb8c30dd120c6aaf67e526812d355dd9fa73197ebf2378b7cbe6e5"
"knowledge-base/prabhupada-corpus/audio-transcripts/063_1976_Conversations_Part_10.md","291237","a38289bb3e92434433aaef0f79b3c77d7df724ed53cd56a2b88818ff617b2772"
"knowledge-base/prabhupada-corpus/audio-transcripts/064_1976_Conversations_Part_11.md","324988","33944e97a46479bdcb6713c04390bba82ea1ad35b76256441bd9a64ce1808765"
"knowledge-base/prabhupada-corpus/audio-transcripts/065_1976_Conversations_Part_12.md","332509","f5d94820c9e9541e1584c7de15757c57d8c8d18470481cab30eb3b3a696d038b"
"knowledge-base/prabhupada-corpus/audio-transcripts/066_1976_Conversations_Part_13.md","286544","7daab2f17f84b6c1aafc108bc51f0bf35914a3f4bd1a1198c8c8857d73178cc8"
"knowledge-base/prabhupada-corpus/audio-transcripts/067_1976_Conversations_Part_14.md","283459","b930c1eabe03758663968f4920dcf277010e7a52be701524c826658feb821274"
"knowledge-base/prabhupada-corpus/audio-transcripts/068_1976_Conversations_Part_15.md","279684","46c88997d9d4c4c00c5619a74553642ab3228dd6ed8d16e7712cfa97eb73a5c9"
"knowledge-base/prabhupada-corpus/audio-transcripts/069_1976_Conversations_Part_16.md","312941","f114cf5c677d3132c45aeb7a8e5aa728bf61afdb1134be44a94c35465b6b0a89"
"knowledge-base/prabhupada-corpus/audio-transcripts/070_1976_Conversations_Part_17.md","283275","fcb83cdfa483cd4fcabc48920cbab88ae49cdb9eb4de806d21ad7d7d07b54929"
"knowledge-base/prabhupada-corpus/audio-transcripts/071_1976_Conversations_Part_18.md","274708","5c35bcb44235e617bb74c3ba81d4740577de975540a80838f3f5344af95978e0"
"knowledge-base/prabhupada-corpus/audio-transcripts/072_1976_Conversations_Part_19.md","243392","80c4b9059eccec39b4a6e651adef9fb7094dc196742fad79031714af1edcc499"
"knowledge-base/prabhupada-corpus/audio-transcripts/073_1976_Conversations_Part_20.md","225271","45b7fb52dda055e95bda8009e864d59f7e5b49af9dd8c8869044dff32c90b026"
"knowledge-base/prabhupada-corpus/audio-transcripts/074_1976_Conversations_Part_21.md","327834","5697214f8d4f54c9c5deb68eb772297846b7f8f991d0486f77d369a3038b6c3b"
"knowledge-base/prabhupada-corpus/audio-transcripts/075_1976_Conversations_Part_22.md","295137","494b60d6a18dc317da22190d9159f507a4a0ac97046309fbd0a8e87db5618518"
"knowledge-base/prabhupada-corpus/audio-transcripts/076_1976_Conversations_Part_23.md","293010","bdded1a8b4528303d43d8edc162bcbc4311a0de346150ede384f048b9e1114ea"
"knowledge-base/prabhupada-corpus/audio-transcripts/077_1976_Conversations_Part_24.md","300888","97a5dc974c1b3678421b6e4f48d2f751dc5aaffa6d701bc2c2addd85610dca25"
"knowledge-base/prabhupada-corpus/audio-transcripts/078_1976_Conversations_Part_25.md","301431","41c92c51bdd7dcb5ab73b80a66e8bcda55a009fc2420ff5e1502fbf038d40dec"
"knowledge-base/prabhupada-corpus/audio-transcripts/079_1976_Conversations_Part_26.md","302308","a1dfa613a4da14d8761eca426979f61c5dec3edd58ab7adb50fefe197696f828"
"knowledge-base/prabhupada-corpus/audio-transcripts/080_1976_Conversations_Part_27.md","289509","2a184e746a94ff50fa56fb3b37ddafa1fa37e8c7c26d95f0c230bca7b83010b6"
"knowledge-base/prabhupada-corpus/audio-transcripts/081_1976_Conversations_Part_28.md","292397","0a461d08d6b4c2c77261a2bc4f6e313a8404890d56ab2164fa156b58439bf13f"
"knowledge-base/prabhupada-corpus/audio-transcripts/082_1977_Conversations_Part_01.md","308825","92d83826b602dd5a9bd51e90f9cd88f22f11a939ce95073cc747a4e544cd5636"
"knowledge-base/prabhupada-corpus/audio-transcripts/083_1977_Conversations_Part_02.md","300158","95d5f0f9cd8590c106b2ebee48e14739b4f69767e3eab7003820479789a5dc77"
"knowledge-base/prabhupada-corpus/audio-transcripts/084_1977_Conversations_Part_03.md","284065","ea0cdb44c6eee7dca471df6653ed70b3bb272a63bac921d10349c4fce3d9225b"
"knowledge-base/prabhupada-corpus/audio-transcripts/085_1977_Conversations_Part_04.md","294948","0d375ce7a73261e56f09d9694b03895ca041998128b41110094c10edf656e05b"
"knowledge-base/prabhupada-corpus/audio-transcripts/086_1977_Conversations_Part_05.md","281461","ce42bf43e37ce704fd07dcd18d5ab2b7b94ed879d97a77c441ce0ed6281daf8a"
"knowledge-base/prabhupada-corpus/audio-transcripts/087_1977_Conversations_Part_06.md","295210","31179832b9dbe5a754244b2360b9e63700b2ce48e1437979c804ac69bfe8bcde"
"knowledge-base/prabhupada-corpus/audio-transcripts/088_1977_Conversations_Part_07.md","288422","2d2cd0eaab5d9dc628552588bb0417f2062cd337f943c5af3e9735711a9e0497"
"knowledge-base/prabhupada-corpus/audio-transcripts/089_1977_Conversations_Part_08.md","286615","2a63ce1fd81a1e28cfc3f6104ae4e10c372d649084fa67079ae43e93961ee8ca"
"knowledge-base/prabhupada-corpus/audio-transcripts/090_1977_Conversations_Part_09.md","286184","c089675945ca3ba450656dab9ff5dee3cba48eebe79112738857c8acd9288224"
"knowledge-base/prabhupada-corpus/audio-transcripts/091_1977_Conversations_Part_10.md","279954","95f549b3a2b4f325e4ead1c912e58165f9c731caa84df783eeac6c9d7c014f31"
"knowledge-base/prabhupada-corpus/audio-transcripts/092_1977_Conversations_Part_11.md","288724","ed41bb54c63b767015e136e0ea3e2d6214c6b8c474cde98b49a7421db40d793b"
"knowledge-base/prabhupada-corpus/audio-transcripts/093_1977_Conversations_Part_12.md","295852","48102a4a2228ea37f46799035a205d61cd0bc4c83860dc5ad1b65616d8c7ea25"
"knowledge-base/prabhupada-corpus/audio-transcripts/094_1977_Conversations_Part_13.md","302539","e6eb4fd17c4538062f8fb03473b5b7b409912a6bfe414537208b7d1a442ddaf0"
"knowledge-base/prabhupada-corpus/audio-transcripts/095_1977_Conversations_Part_14.md","278934","9c2df7fc97ab008fcf92d7c6d6ae963d6c60ed2d35563432c47084dcdfe06461"
"knowledge-base/prabhupada-corpus/audio-transcripts/096_1977_Conversations_Part_15.md","301140","b69ae9341681d63feea45a12fc7079bb127facf6f34854c0c0d1563d49c15c47"
"knowledge-base/prabhupada-corpus/audio-transcripts/097_1977_Conversations_Part_16.md","287660","3091e304281b970ea68c58c5d9c450fc18cf66e5141b4ddfdadc83bff230bb5a"
"knowledge-base/prabhupada-corpus/audio-transcripts/098_1977_Conversations_Part_17.md","296572","f3861b62d0043cca406af1eb08adbf10543ca3e7f937550271ea1f9913f9c397"
"knowledge-base/prabhupada-corpus/audio-transcripts/099_1977_Conversations_Part_18.md","294168","c18260372849dc56ea4f691a76741ac58c884abd76c223aefcf37df0cfdffcf6"
"knowledge-base/prabhupada-corpus/audio-transcripts/100_1977_Conversations_Part_19.md","291935","111d99a597d49612fb454f52a51231dc7c42a97245612f4a278b7a185a4cb5c4"
"knowledge-base/prabhupada-corpus/audio-transcripts/101_1977_Conversations_Part_20.md","303964","e53c356edad928ccd2cddec0a394b5b3c3e336c085d8ffb420692a6daf5b7bf0"
"knowledge-base/prabhupada-corpus/audio-transcripts/102_1977_Conversations_Part_21.md","289781","a0d1b5a78d0c3e2ea73a4ec5ba82353ebd7e18ab05a990ac7d05eefba6f1d799"
"knowledge-base/prabhupada-corpus/audio-transcripts/103_1977_Conversations_Part_22.md","300837","1c5a2a81eb3b30d22d121307207bc2c2b8df59bd0d51c1e45c75c2ded8b458b4"
"knowledge-base/prabhupada-corpus/audio-transcripts/104_Arrival_Address_and_Talks_Part_01.md","436925","f6aeb729bcb9cf927157e58e44dacb74e8e9ed185002f0e76f48092a01188c81"
"knowledge-base/prabhupada-corpus/audio-transcripts/105_Bhagavad_Gita_lectures_Part_01.md","308600","b3e8d68289b348ef37b2209de2f1eeaa73c603e9c11a510e91604d6fb36a250a"
"knowledge-base/prabhupada-corpus/audio-transcripts/106_Bhagavad_Gita_lectures_Part_02.md","307518","7a345477edf2e6bf701ac4e7a44c7d9ff9e0479dd38d94f3ad47f0a79c93b5d2"
"knowledge-base/prabhupada-corpus/audio-transcripts/107_Bhagavad_Gita_lectures_Part_03.md","316545","a08ee69084df53de2d448fa665ed890468d87ba417222aad6d243907d5026dca"
"knowledge-base/prabhupada-corpus/audio-transcripts/108_Bhagavad_Gita_lectures_Part_04.md","291922","2c8a8e1f866054a51507bef5878e1422e6ff17efc76d0ede1ce87d2ca2355ccd"
"knowledge-base/prabhupada-corpus/audio-transcripts/109_Bhagavad_Gita_lectures_Part_05.md","279228","8fd0b1801c92f2a0c123999d9104eef18c1a544954505f7e408b82a9aab18fe7"
"knowledge-base/prabhupada-corpus/audio-transcripts/110_Bhagavad_Gita_lectures_Part_06.md","278368","f6d9aeb8271573f49dbeeaade9ced8c05dcf998c3acadad0ab117d552346054e"
"knowledge-base/prabhupada-corpus/audio-transcripts/111_Bhagavad_Gita_lectures_Part_07.md","304172","5455aae74a9afb54ae7239d9f0414c48eaf963722bcf763477cbb27dd299e214"
"knowledge-base/prabhupada-corpus/audio-transcripts/112_Bhagavad_Gita_lectures_Part_08.md","302787","94d4a82cb5efbcada67095793a6d274cc1fc84531a242ecda5bd88a83b577838"
"knowledge-base/prabhupada-corpus/audio-transcripts/113_Bhagavad_Gita_lectures_Part_09.md","266691","6cd48f8d628f8d761a54c6fb795324388c60fdab11a8579ee382f485093ecf06"
"knowledge-base/prabhupada-corpus/audio-transcripts/114_Bhagavad_Gita_lectures_Part_10.md","290141","2e1a8f1e27ffdc6c010f7858fefbbc1a587dc3c2e20d807efe39a58277831f62"
"knowledge-base/prabhupada-corpus/audio-transcripts/115_Bhagavad_Gita_lectures_Part_11.md","282853","c1467f2581fb59053991ffa93101c74ff72a980ff1e926e380fc1c0e558286e8"
"knowledge-base/prabhupada-corpus/audio-transcripts/116_Bhagavad_Gita_lectures_Part_12.md","283171","5cdc742adc41992b8c6d92d680e5a09e982d03607becf55383c836c8e137a1d9"
"knowledge-base/prabhupada-corpus/audio-transcripts/117_Bhagavad_Gita_lectures_Part_13.md","298649","749a14cd1f9c3e7d811d9fdaf299e868562f8c256f68bfd3ab51821383309175"
"knowledge-base/prabhupada-corpus/audio-transcripts/118_Bhagavad_Gita_lectures_Part_14.md","290005","9df33e973a0e50637978184c7ccd6e9e019ac69c2d8ea0cc1d3414786d4cb74d"
"knowledge-base/prabhupada-corpus/audio-transcripts/119_Bhagavad_Gita_lectures_Part_15.md","311063","ebda3e74f770fb86f09ca9f9bdd9ddc9fedc6e07cbb37149592960d03fdba615"
"knowledge-base/prabhupada-corpus/audio-transcripts/120_Bhagavad_Gita_lectures_Part_16.md","284529","d5e81d427ac59439786eda934b34a4ceb63c01a26468455ac7bfb15febd496f1"
"knowledge-base/prabhupada-corpus/audio-transcripts/121_Bhagavad_Gita_lectures_Part_17.md","294642","8895e7c2e5a4671bfe5f754703d82213258c92956a802190f812c3a26ce9956c"
"knowledge-base/prabhupada-corpus/audio-transcripts/122_Bhagavad_Gita_lectures_Part_18.md","303011","1102856ead2da6080602a7e44da0881ee86f7ae2911270bd24e50404d50b9a55"
"knowledge-base/prabhupada-corpus/audio-transcripts/123_Bhagavad_Gita_lectures_Part_19.md","290077","aa32984518abac64fafd03b293838c80494db287529c8c3fb4355199e37dade4"
"knowledge-base/prabhupada-corpus/audio-transcripts/124_Bhagavad_Gita_lectures_Part_20.md","279195","997da5354ae24dc70e1f8edea68d701364972148a48debde27f75d059fd62f72"
"knowledge-base/prabhupada-corpus/audio-transcripts/125_Bhagavad_Gita_lectures_Part_21.md","296435","180126f85bb7b04d498d906886ab257be4f713822eab201c1cfdab806e9377b5"
"knowledge-base/prabhupada-corpus/audio-transcripts/126_Bhagavad_Gita_lectures_Part_22.md","305726","3be7cc593f549eca2f19523d5745fba69aac2ba2c000606a4235713ff1337259"
"knowledge-base/prabhupada-corpus/audio-transcripts/127_Bhagavad_Gita_lectures_Part_23.md","285409","6654e15149f43ab8223fa4f8ca7c73089f2a9539257673ca4c0c6cc81c47c3d3"
"knowledge-base/prabhupada-corpus/audio-transcripts/128_Bhagavad_Gita_lectures_Part_24.md","304049","85560f2bf618a748439e46e9073f1953e32831ea6dc47b5e75823051baf3eb43"
"knowledge-base/prabhupada-corpus/audio-transcripts/129_Bhagavad_Gita_lectures_Part_25.md","314605","7e19d731c057356a0ab6c8caae0e4f0453e1fa550df6dffa548019353488d9e3"
"knowledge-base/prabhupada-corpus/audio-transcripts/130_Bhagavad_Gita_lectures_Part_26.md","310084","d61939aa5abda68e2c29f7447fea88284cf8b355303b3c8256601c0c0e6ac41a"
"knowledge-base/prabhupada-corpus/audio-transcripts/131_Bhagavad_Gita_lectures_Part_27.md","299870","d04659cc286f6706cf394b8f29df6ae56b42701eed5a64b2f65efa05965a1255"
"knowledge-base/prabhupada-corpus/audio-transcripts/132_Bhagavad_Gita_lectures_Part_28.md","289281","a2935e1465488677448a4c347149047aef4c0b06dc6acf4e9f1dc5fa9222f86b"
"knowledge-base/prabhupada-corpus/audio-transcripts/133_Bhagavad_Gita_lectures_Part_29.md","295314","81ff836de0f5695e59205ba1a785880770b9a1f865a7bbc95d5276ef65a7683e"
"knowledge-base/prabhupada-corpus/audio-transcripts/134_Bhagavad_Gita_lectures_Part_30.md","297440","6995c7975ce38aac595870fe9cc85bde25698dd444ac4c2e163b16c225aa7c2c"
"knowledge-base/prabhupada-corpus/audio-transcripts/135_Bhagavad_Gita_lectures_Part_31.md","305909","8106d7c3b68a1143edcc4051dc71bc4f4d6897d7e6821de25b1d9bd544828827"
"knowledge-base/prabhupada-corpus/audio-transcripts/136_Bhagavad_Gita_lectures_Part_32.md","307347","4fe4eebaf96f1f03e801bd2d854557916c16493a3b106a0c68b4d58a70ebe12e"
"knowledge-base/prabhupada-corpus/audio-transcripts/137_Bhagavad_Gita_lectures_Part_33.md","301725","8087c163d28f2c0391d242cd43078b8aba1569f7ba31050ba1f9a038c7758065"
"knowledge-base/prabhupada-corpus/audio-transcripts/138_Bhagavad_Gita_lectures_Part_34.md","276593","eda699003265bf720bae3135f261ff54b164b20442974e56bb5c5653b34429fa"
"knowledge-base/prabhupada-corpus/audio-transcripts/139_Bhagavad_Gita_lectures_Part_35.md","295813","c1a4f84b23f7496fddc617b6113baa74c1edd1d7dd11a2a856b2d622432f0f7b"
"knowledge-base/prabhupada-corpus/audio-transcripts/140_Cornerstone_ceremonies_Part_01.md","24353","cc3622e88f4a23343acd924a9ae87b541ebd07abdc57b01bd6681a34474b72e5"
"knowledge-base/prabhupada-corpus/audio-transcripts/141_Departure_Talks_Part_01.md","51740","b17cc137959247262bfe178cf5a3dad1e64a50223a7abf41290520dce1996766"
"knowledge-base/prabhupada-corpus/audio-transcripts/142_Festival_Lectures_Part_01.md","308953","d7ca9357f8945f135bc0e12ffa9aa666c0351cf4d7bb277db71092662e285e47"
"knowledge-base/prabhupada-corpus/audio-transcripts/143_Festival_Lectures_Part_02.md","317537","ac73369e7a1a05bf455c3d3fa7518f99c7613a47f006c1ef0aef7ce8c52f9e67"
"knowledge-base/prabhupada-corpus/audio-transcripts/144_Festival_Lectures_Part_03.md","323312","79116879719b5df46fdf6a7f4aa8449d15ddf70c2113b380b4287109fac1073a"
"knowledge-base/prabhupada-corpus/audio-transcripts/145_General_Lectures_Part_01.md","287816","c171b2f5093b9be9ff3427faf3363720f1a8d33e012f22bbb5f4e6dd4706e6e2"
"knowledge-base/prabhupada-corpus/audio-transcripts/146_General_Lectures_Part_02.md","297787","7027c10a635fb4a3a7580c216c5a277a3ed51a66230f4719110056c484491a8f"
"knowledge-base/prabhupada-corpus/audio-transcripts/147_General_Lectures_Part_03.md","314267","9c66c5dd7981c470a6e1830499c68696598bbee32911cb7fa423d794379c4bb4"
"knowledge-base/prabhupada-corpus/audio-transcripts/148_General_Lectures_Part_04.md","294562","57986d5c76a141f1ca52d702fcf4908e27af977407decccf9116aa138da7f9e2"
"knowledge-base/prabhupada-corpus/audio-transcripts/149_General_Lectures_Part_05.md","300580","f82c3d831e9acc677b481ebae6230f3643388e7fcd4f47bda434ba9fafe2bcd3"
"knowledge-base/prabhupada-corpus/audio-transcripts/150_General_Lectures_Part_06.md","310925","3265f201cfe6cd6b764cf68278cc17215aa00c96adbc98ad992455801a5231cd"
"knowledge-base/prabhupada-corpus/audio-transcripts/151_General_Lectures_Part_07.md","310264","c38fad40d6bc6999137160709c9f18030c649c332c233a86a031dedc65f0fb28"
"knowledge-base/prabhupada-corpus/audio-transcripts/152_General_Lectures_Part_08.md","295875","819a120e2f9514e7a77e0378b94df0327d4f56c9941de4242c19941c1f880346"
"knowledge-base/prabhupada-corpus/audio-transcripts/153_General_Lectures_Part_09.md","316183","ded3a646c88311834a9ed2005cb647cdea709eedb1ea70f7ec0358348f6b32ee"
"knowledge-base/prabhupada-corpus/audio-transcripts/154_General_Lectures_Part_10.md","319949","7fd22802d9a06d2a59d5cf4025ec1d4b9016e2163efe3ee769aa90e044b4656b"
"knowledge-base/prabhupada-corpus/audio-transcripts/155_General_Lectures_Part_11.md","287894","29cc79accde015f34c893c5f674b6216f6bc44dded36a063c97501fc3e5b3f5b"
"knowledge-base/prabhupada-corpus/audio-transcripts/156_General_Lectures_Part_12.md","325977","5aef480185751ab9949f1c254019f8b3cbd5364de33acb5232413036df79103c"
"knowledge-base/prabhupada-corpus/audio-transcripts/157_Initiation_Part_01.md","372095","ee1f4edc498f8d521c93e218a1a9c41cc724581cf893df0c77a58556649a228e"
"knowledge-base/prabhupada-corpus/audio-transcripts/158_Initiation_Part_02.md","396117","5e4806c4cdea4904b17ce0dda6a2878795698eceed2ddf3b666d8d17f5e0fd37"
"knowledge-base/prabhupada-corpus/audio-transcripts/159_Nectar_of_Devotion_Lectures_Part_01.md","295505","656c010ec3367e641792ae47760aa49b4b79fe77ef0f0f4ef7cb5cba204c08ec"
"knowledge-base/prabhupada-corpus/audio-transcripts/160_Nectar_of_Devotion_Lectures_Part_02.md","305644","400ed4d50d4de4eb529fe64ae041999640c5e2197d999c9ef9c7239b6d77b881"
"knowledge-base/prabhupada-corpus/audio-transcripts/161_Nectar_of_Devotion_Lectures_Part_03.md","297339","242091638556f7e2e066601dd0486bbc8a9f61dbbfe996f749362bd8a3dc4345"
"knowledge-base/prabhupada-corpus/audio-transcripts/162_Nectar_of_Devotion_Lectures_Part_04.md","323097","3e72fccaa77b2e2f708f5fd1f67a54d417277bb0ed39de53ff628984810ff882"
"knowledge-base/prabhupada-corpus/audio-transcripts/163_Philosophical_Discussions_Part_01.md","289748","b2a070a74613a1238a4dac64d67d5c2eddf49641a4c0610cab70c2d75523118f"
"knowledge-base/prabhupada-corpus/audio-transcripts/164_Philosophical_Discussions_Part_02.md","270151","f3bb96b5c8596553d291c4c934952d4cc653aabd33f67934a1de6180b69ae0ac"
"knowledge-base/prabhupada-corpus/audio-transcripts/165_Philosophical_Discussions_Part_03.md","281586","489419621fc3120d6974c09bb5d2f8a2b6458ed70c4ce5b8871a2c007daa157d"
"knowledge-base/prabhupada-corpus/audio-transcripts/166_Philosophical_Discussions_Part_04.md","334179","aba760652ffe83e1becde863c942082ada352f29891696f447ba82cdfcada16f"
"knowledge-base/prabhupada-corpus/audio-transcripts/167_Philosophical_Discussions_Part_05.md","313102","77ab891cbacdefaa14bed056cf2199d603a80f45a3175f2db1c96c02d8994cd4"
"knowledge-base/prabhupada-corpus/audio-transcripts/168_Philosophical_Discussions_Part_06.md","291694","a6b5ead3b4c26fe67a8d8f8bbeecd154b6ac55ee3d0f6240d79957dbc71f6816"
"knowledge-base/prabhupada-corpus/audio-transcripts/169_Philosophical_Discussions_Part_07.md","289554","30a010b70246d55d28703b7237e6662235ce2a4f171e7e5fd5b01c5678e776bd"
"knowledge-base/prabhupada-corpus/audio-transcripts/170_Philosophical_Discussions_Part_08.md","291190","c3f19b892ded79477271384fb12bd03c0604abdace6e2d3df209260c2fdd7a02"
"knowledge-base/prabhupada-corpus/audio-transcripts/171_Sri_Brahma_samhita_Lectures_Part_01.md","175273","ab8fe6f36e9ced76c5a268c0e51d71f8523ddcebceccb7ced4e943e30ac4aa51"
"knowledge-base/prabhupada-corpus/audio-transcripts/172_Song_Purports_Part_01.md","192008","f0a78651f67dc4366eddb21d7f3e7fe877630d1b064b7bb02ddb6f72cc8a3dc9"
"knowledge-base/prabhupada-corpus/audio-transcripts/173_Sri_Caitanya_caritamrta_Lectures_Part_01.md","306675","e546dda9ee72f24f567bef52769bd130005f53a94123ab7badf437b71309e9ff"
"knowledge-base/prabhupada-corpus/audio-transcripts/174_Sri_Caitanya_caritamrta_Lectures_Part_02.md","307850","af514f7fc5e0f9ef75692d52e1d99f183dcfe60583855cda411a87de548f4dce"
"knowledge-base/prabhupada-corpus/audio-transcripts/175_Sri_Caitanya_caritamrta_Lectures_Part_03.md","304312","86168d76d9117fa55ce5fb0844049a22b86c1617a32dc87d130938eb3f4d050b"
"knowledge-base/prabhupada-corpus/audio-transcripts/176_Sri_Caitanya_caritamrta_Lectures_Part_04.md","308568","07dccda9224b086538df0788226a3015d04c1827814f3e891234c73ee6e7dd38"
"knowledge-base/prabhupada-corpus/audio-transcripts/177_Sri_Caitanya_caritamrta_Lectures_Part_05.md","299733","1f95e25413d8854897bf7e4ae19f2ec93c563aa9093290acce663935883a4eee"
"knowledge-base/prabhupada-corpus/audio-transcripts/178_Sri_Caitanya_caritamrta_Lectures_Part_06.md","319336","ee4b8e21f812c1917c333d169dcd467dbfc9a22439918a7ae655cdcc959384a7"
"knowledge-base/prabhupada-corpus/audio-transcripts/179_Sri_Caitanya_caritamrta_Lectures_Part_07.md","299712","21db2f65d9c0cbde9b9c3fc1b2be119a4f46860ff6705e1afe4614d4e024de4e"
"knowledge-base/prabhupada-corpus/audio-transcripts/180_Sri_Isopanisad_Lectures_Part_01.md","160144","4bc459e8dee4c41ed2ef2475fad3083d92a895714177388034d98c2e1fc67c02"
"knowledge-base/prabhupada-corpus/audio-transcripts/181_Srimad_Bhagavatam_Lectures_Part_01.md","294653","eadfceb171862ea904b5006111e83bea7399958d11acce1c427debf7ea3791b4"
"knowledge-base/prabhupada-corpus/audio-transcripts/182_Srimad_Bhagavatam_Lectures_Part_02.md","304513","d8d7e6ecfca6653fdd33a780ccb66c1c70311d412beae39793ac6287d881e18b"
"knowledge-base/prabhupada-corpus/audio-transcripts/183_Srimad_Bhagavatam_Lectures_Part_03.md","301865","110ca2896656b9807e59a0b64c174c1a7aaa8327960c6559b87b4fbb0fea1858"
"knowledge-base/prabhupada-corpus/audio-transcripts/184_Srimad_Bhagavatam_Lectures_Part_04.md","304912","14c64f30ea8db675c6344d6ac967058ed811ecb0c131688e4e1f666177861647"
"knowledge-base/prabhupada-corpus/audio-transcripts/185_Srimad_Bhagavatam_Lectures_Part_05.md","304810","7e060a640ea59882bf183de4e2bc929ba61f6fd18eb6110c83a9f7f02c5b8a76"
"knowledge-base/prabhupada-corpus/audio-transcripts/186_Srimad_Bhagavatam_Lectures_Part_06.md","292925","7e2b5e6ff4ccc7b30d322f5c3986dde321acd634caf236e190d59b9754e0af4c"
"knowledge-base/prabhupada-corpus/audio-transcripts/187_Srimad_Bhagavatam_Lectures_Part_07.md","311905","2d57f6becebf8ead09df78a66930405ae579f358a9912a68d97747f270db971f"
"knowledge-base/prabhupada-corpus/audio-transcripts/188_Srimad_Bhagavatam_Lectures_Part_08.md","303087","bbd95827852926cebe70c625809fed6d813fdb9ad737558f3891bb769280c2ea"
"knowledge-base/prabhupada-corpus/audio-transcripts/189_Srimad_Bhagavatam_Lectures_Part_09.md","281364","896b2efd7d776350ad6e6ef0e70db989594253c4e875a37915e252784dadfdcc"
"knowledge-base/prabhupada-corpus/audio-transcripts/190_Srimad_Bhagavatam_Lectures_Part_10.md","289914","a1add12ed58dad4c3e2ad040955d6c4f8232a4305769266727afdf5e12b7c071"
"knowledge-base/prabhupada-corpus/audio-transcripts/191_Srimad_Bhagavatam_Lectures_Part_11.md","307764","1b5511f51675e11f0e5ca0f3a5fc7706bd6900da399e3f14c47950d1fd2a0082"
"knowledge-base/prabhupada-corpus/audio-transcripts/192_Srimad_Bhagavatam_Lectures_Part_12.md","311368","68451ddbdbca54844d3e4e00d61394e941becbedea24db5d1ac633895ddc3fbc"
"knowledge-base/prabhupada-corpus/audio-transcripts/193_Srimad_Bhagavatam_Lectures_Part_13.md","317586","db1953210cee78bfeea77c06ee9bae0de5042e69e8c27236c43ab9b97daac511"
"knowledge-base/prabhupada-corpus/audio-transcripts/194_Srimad_Bhagavatam_Lectures_Part_14.md","308495","fffb3aa1246c3d136903e49284fc38efa2acf5651f6960f8b83db63593511a9d"
"knowledge-base/prabhupada-corpus/audio-transcripts/195_Srimad_Bhagavatam_Lectures_Part_15.md","291607","92dd75625a61b97924179ec9d9565c26fa17d2a144cff5d36f847e4219093cb1"
"knowledge-base/prabhupada-corpus/audio-transcripts/196_Srimad_Bhagavatam_Lectures_Part_16.md","294229","af71663492a816ea0a1377282a0f17335c6ef66d2cb9c76c0386c53c65f03bfe"
"knowledge-base/prabhupada-corpus/audio-transcripts/197_Srimad_Bhagavatam_Lectures_Part_17.md","294447","3c87961d3e424248910869b19aec7b14c35518761051ae517e288b00a0d1890b"
"knowledge-base/prabhupada-corpus/audio-transcripts/198_Srimad_Bhagavatam_Lectures_Part_18.md","292242","7033132ab6d2f7aad0e51570f0f8dba1eabd28d05c40b06fa4dc69b8e1beea85"
"knowledge-base/prabhupada-corpus/audio-transcripts/199_Srimad_Bhagavatam_Lectures_Part_19.md","304224","fceac2090c0ea9ddedce6fa029119fc47de10d48adf1c3129d78e4920fe9be01"
"knowledge-base/prabhupada-corpus/audio-transcripts/200_Srimad_Bhagavatam_Lectures_Part_20.md","302123","107725352e827b04067d752bb1954d2d780883791b9447332584ac83eb0d23dd"
"knowledge-base/prabhupada-corpus/audio-transcripts/201_Srimad_Bhagavatam_Lectures_Part_21.md","296010","5e1e2b8d0ce888b3c51dd80b421da79149cb6afad3ea25bd559527f95700b5ea"
"knowledge-base/prabhupada-corpus/audio-transcripts/202_Srimad_Bhagavatam_Lectures_Part_22.md","295804","b88ac48c5e0bdba9648342a6b1bac80960e853307814e8fbdc00d5eb6b61640b"
"knowledge-base/prabhupada-corpus/audio-transcripts/203_Srimad_Bhagavatam_Lectures_Part_23.md","312277","1e21d379629f589da9e155dd9bb80238e45f55ddb8cafa8f836f5d3c321fa050"
"knowledge-base/prabhupada-corpus/audio-transcripts/204_Srimad_Bhagavatam_Lectures_Part_24.md","293229","bfe1b8e8868ff126e8710b2a6efe4db373fb606c19db4b7a9499b339dceafa25"
"knowledge-base/prabhupada-corpus/audio-transcripts/205_Srimad_Bhagavatam_Lectures_Part_25.md","294159","a8c17016f31469f2ed043ff140064347aa62bb43a34d60c30db72830c2b90b44"
"knowledge-base/prabhupada-corpus/audio-transcripts/206_Srimad_Bhagavatam_Lectures_Part_26.md","288296","c5a06fd70555476afd3eeccadd635dc3b4153ad3806e4fb75ea3a694148cd1fe"
"knowledge-base/prabhupada-corpus/audio-transcripts/207_Srimad_Bhagavatam_Lectures_Part_27.md","292130","43774f765645bcb86a75f8a75956b29563d6fc456d3983c2ec9c9cb8cfd63af1"
"knowledge-base/prabhupada-corpus/audio-transcripts/208_Srimad_Bhagavatam_Lectures_Part_28.md","295832","b782a72d64a76a59d09d59cbf5b8bc8233a7a1b36d6e8d05bf7fdab312a8c238"
"knowledge-base/prabhupada-corpus/audio-transcripts/209_Srimad_Bhagavatam_Lectures_Part_29.md","294754","bbe274729b9c395128a99abb79b2b17cd5b2049596731a4d37b563b8d44fd4de"
"knowledge-base/prabhupada-corpus/audio-transcripts/210_Srimad_Bhagavatam_Lectures_Part_30.md","302510","3858bdfc9b8359f51c7e52489c029c12788dba06fdfe7542d1a181f9b2bbeada"
"knowledge-base/prabhupada-corpus/audio-transcripts/211_Srimad_Bhagavatam_Lectures_Part_31.md","306896","7a2e03868f0c30a9ff26332df20cc1d3eaaa7475f8f39fd3e693eda7a71e4a2f"
"knowledge-base/prabhupada-corpus/audio-transcripts/212_Srimad_Bhagavatam_Lectures_Part_32.md","311557","f9bd3e72ec67071b6617b486a92ed964c6ead83212760718fc70c7bf665191bd"
"knowledge-base/prabhupada-corpus/audio-transcripts/213_Srimad_Bhagavatam_Lectures_Part_33.md","301887","8130d189c0d8e9961098d3a324d85cdcb8f7dbba693c886bb2ab695b9151b682"
"knowledge-base/prabhupada-corpus/audio-transcripts/214_Srimad_Bhagavatam_Lectures_Part_34.md","311719","8ef4369e2b4016c2e88287b82f82432d41a588a872aae803f313358cb0a81041"
"knowledge-base/prabhupada-corpus/audio-transcripts/215_Srimad_Bhagavatam_Lectures_Part_35.md","300887","8d185fe2b2d49d987f7338665d2ead65cfb7558011139411564d9fd974ea8c90"
"knowledge-base/prabhupada-corpus/audio-transcripts/216_Srimad_Bhagavatam_Lectures_Part_36.md","291168","c3c5db370133b16057d9b269aa38e93f79b1fcfd0d1d1d00a1188715ad2a99f7"
"knowledge-base/prabhupada-corpus/audio-transcripts/217_Srimad_Bhagavatam_Lectures_Part_37.md","270488","6a85371e9570602db8450720fc30bfd2cd74e2e77f52544c41036a3274e2c0eb"
"knowledge-base/prabhupada-corpus/audio-transcripts/218_Srimad_Bhagavatam_Lectures_Part_38.md","291897","c76f5a64ebe07e5c031e380c2c4356775dc1210f350ff74fa55e5d9727cd5fae"
"knowledge-base/prabhupada-corpus/audio-transcripts/219_Srimad_Bhagavatam_Lectures_Part_39.md","304376","a3603a4ce9e8965c20dee7962e048458f17540f2eb761756f3aaead16b947b6c"
"knowledge-base/prabhupada-corpus/audio-transcripts/220_Srimad_Bhagavatam_Lectures_Part_40.md","323267","9a4bc8a49e7c8c0d0d53689b77b9e72a6a00c45b488dbd73afcc0b1a2b77a3ae"
"knowledge-base/prabhupada-corpus/audio-transcripts/221_Srimad_Bhagavatam_Lectures_Part_41.md","280124","70fa469afb634480920ccac1d721b10f3e1788bb958a70d71dfd783680eb3a56"
"knowledge-base/prabhupada-corpus/audio-transcripts/222_Srimad_Bhagavatam_Lectures_Part_42.md","292400","7d8addc254ae434d5c0d2d2e6c1fa317ea00a319c6f73caeff73e25afb4b006c"
"knowledge-base/prabhupada-corpus/audio-transcripts/223_Srimad_Bhagavatam_Lectures_Part_43.md","294871","a112e60c81430f0d3aefa12c60e3080ed549967834b5e85a29a450b8722ad6b9"
"knowledge-base/prabhupada-corpus/audio-transcripts/224_Srimad_Bhagavatam_Lectures_Part_44.md","304890","1892d61ce74d485950777cdb2e74b7aa08733cf094e96a30e733e827001a7d22"
"knowledge-base/prabhupada-corpus/audio-transcripts/225_Srimad_Bhagavatam_Lectures_Part_45.md","291315","72cf1a56c9976d4e941cd855d80eeb709032bd568ea75d963ae213f007216dc8"
"knowledge-base/prabhupada-corpus/audio-transcripts/226_Srimad_Bhagavatam_Lectures_Part_46.md","284192","0b935048abc687393db9c339746672cdac30460f9fd4742dd0f31d975d8969c7"
"knowledge-base/prabhupada-corpus/audio-transcripts/227_Srimad_Bhagavatam_Lectures_Part_47.md","304946","95c6a7de81d6272c34bb0bb7b86c9787e61a53ce4cb97931b4b89b0581234029"
"knowledge-base/prabhupada-corpus/audio-transcripts/228_Srimad_Bhagavatam_Lectures_Part_48.md","306348","7d11785401544c0a1bbd0b9a12655a4faa8e814fde97096e77227997279e206b"
"knowledge-base/prabhupada-corpus/audio-transcripts/229_Srimad_Bhagavatam_Lectures_Part_49.md","301964","fe7a2277d2692b67530462be6cef19c91b41b9201910916cefdfb0d43646deea"
"knowledge-base/prabhupada-corpus/audio-transcripts/230_Srimad_Bhagavatam_Lectures_Part_50.md","305345","8af0c3506e7460177c84dd609ee4e5b0752fd042453b627122abedcfe888e056"
"knowledge-base/prabhupada-corpus/audio-transcripts/231_Srimad_Bhagavatam_Lectures_Part_51.md","287293","a733ec549f174151afb3cf9a1fb48d8f0094cac47aca2d302a55ce8271906dc5"
"knowledge-base/prabhupada-corpus/audio-transcripts/232_Srimad_Bhagavatam_Lectures_Part_52.md","292766","4a2a8783edcb5e1c9056c1e8d6b358499d391e22e30464e70c20da4dfbf91692"
"knowledge-base/prabhupada-corpus/audio-transcripts/233_Srimad_Bhagavatam_Lectures_Part_53.md","306397","9cb763d803d076a2122345407a9e75e6d0f204628bbb618d8531436d479b468d"
"knowledge-base/prabhupada-corpus/audio-transcripts/234_Srimad_Bhagavatam_Lectures_Part_54.md","308825","8a65cfc072650b42e6b7d2c9c16a394c572e188b1b79736fc79050ad1b2e569d"
"knowledge-base/prabhupada-corpus/audio-transcripts/235_Srimad_Bhagavatam_Lectures_Part_55.md","310694","8573be654b967f60d88a3de2788914d2a6e38daa50110064ee85bdc47df8cc7e"
"knowledge-base/prabhupada-corpus/audio-transcripts/236_Srimad_Bhagavatam_Lectures_Part_56.md","293241","ab9dbceccd0fe738184dbc0ac809d8296542de0c2fa2284686e2254388fb91cb"
"knowledge-base/prabhupada-corpus/audio-transcripts/237_Srimad_Bhagavatam_Lectures_Part_57.md","304510","ad41edebad6c3e8552e62640feb50df8668a51416ce6d710b32e2a74031d2635"
"knowledge-base/prabhupada-corpus/audio-transcripts/238_Srimad_Bhagavatam_Lectures_Part_58.md","307060","b7affc950ff802db5688e4bffc36bfa669b1ee3f3fd087ce5f16b1d1640e12cd"
"knowledge-base/prabhupada-corpus/audio-transcripts/239_Srimad_Bhagavatam_Lectures_Part_59.md","306391","e4c3cd223b5e3e266850444c06a30610192d66429c7b67def49960379a67de5b"
"knowledge-base/prabhupada-corpus/audio-transcripts/240_Wedding_Ceremonies_Part_01.md","81197","f9938f8e3e092f32817dc17fadd4d29e42d9336165fdfb28cc3533d2ec4f584b"
"knowledge-base/prabhupada-corpus/books/001_Beyond_Birth_and_Death.md","86195","5917b750934ec210f82a1986dc9dc821f611d876aa6831353b294cd2f9b3bcde"
"knowledge-base/prabhupada-corpus/books/002_Bhagavad_Gita_As_It_Is_Chapter_01_Observing_the_Armies_on_the_Battlefield_of_Kuruksetra.md","92850","d2aa326874e0956f8c5962fdc74b0f05ab2eacb7cb9c83f6ab3f0b2f791321d2"
"knowledge-base/prabhupada-corpus/books/003_Bhagavad_Gita_As_It_Is_Chapter_10_The_Opulence_of_the_Absolute.md","122993","a667a5055620c15109178958fc06b5209f5a5c31b16e0921c21a8ef5ba89ac71"
"knowledge-base/prabhupada-corpus/books/004_Bhagavad_Gita_As_It_Is_Chapter_11_The_Universal_Form.md","129858","b66df63ef3a4ade2d91bdeb99d5de634be31c8cba1e613f3bbcd677994d110e1"
"knowledge-base/prabhupada-corpus/books/005_Bhagavad_Gita_As_It_Is_Chapter_12_Devotional_Service.md","58363","02b8da5e1c5a51b8d53537e9c2cba070184547715a449c6e1dc5c7bcc9752cd8"
"knowledge-base/prabhupada-corpus/books/006_Bhagavad_Gita_As_It_Is_Chapter_13_Nature_the_Enjoyer_and_Consciousness.md","108861","c205429e58890c031feda1923b323b4eb126839751265cb559dd01a5b6bb5d7d"
"knowledge-base/prabhupada-corpus/books/007_Bhagavad_Gita_As_It_Is_Chapter_14_The_Three_Modes_of_Material_Nature.md","72678","51b147af91f36a47784a66748b27004457a0470a75a5400cdf62279889648c62"
"knowledge-base/prabhupada-corpus/books/008_Bhagavad_Gita_As_It_Is_Chapter_15_The_Yoga_of_the_Supreme_Person.md","71137","88d480b0f2e95eb803642889c874bd4d6b0c14e57b4ff2401ba28d6ca3c8352d"
"knowledge-base/prabhupada-corpus/books/009_Bhagavad_Gita_As_It_Is_Chapter_16_The_Divine_and_Demoniac_Natures.md","73653","eb5e2a1412d63432743e39d3684cb0e92fd5667d6c34a1e9b6c88985c762feac"
"knowledge-base/prabhupada-corpus/books/010_Bhagavad_Gita_As_It_Is_Chapter_17_The_Divisions_of_Faith.md","63313","2ef54292ee9317ec017ec666994986985a3498def39d2894b37f7feb37089a6f"
"knowledge-base/prabhupada-corpus/books/011_Bhagavad_Gita_As_It_Is_Chapter_18_Conclusion_The_Perfection_of_Renunciation.md","181373","175b02dd17d2f9d47a28ad5c65eb64920a07dde88d538557ce884af57458aa1d"
"knowledge-base/prabhupada-corpus/books/012_Bhagavad_Gita_As_It_Is_Chapter_02_Contents_of_the_Gita_Summarized.md","225521","37c90d6b1461cb59eef48f4cf974a216221540a222f6f2974eeb2bbac1d3afaf"
"knowledge-base/prabhupada-corpus/books/013_Bhagavad_Gita_As_It_Is_Chapter_03_Karma_yoga.md","129926","405e7e2d685dffc0ca1b690830277de4da38bea0e6391b4102e6f4e4260be927"
"knowledge-base/prabhupada-corpus/books/014_Bhagavad_Gita_As_It_Is_Chapter_04_Transcendental_Knowledge.md","146417","7fcf15fc356d65d05a44d56f55dfa8a1086019474114b87bb8b75f79aa208e9f"
"knowledge-base/prabhupada-corpus/books/015_Bhagavad_Gita_As_It_Is_Chapter_05_Karma_yoga_Action_in_Krsna_Consciousness.md","84896","0895d0a9f404b2256d3340eb178806ecc01c617fd26fbcc21c1e8a66954af6ff"
"knowledge-base/prabhupada-corpus/books/016_Bhagavad_Gita_As_It_Is_Chapter_06_Sankhya_yoga.md","134712","5dffa3e013e64cec529a5965d8b50c0f2adb5c1f4c1c9daf0c218d0ebf501358"
"knowledge-base/prabhupada-corpus/books/017_Bhagavad_Gita_As_It_Is_Chapter_07_Knowledge_of_the_Absolute.md","123144","27d56cc0f64ab0ee05f7517a2ef90641fc1aaf2dadafbb6d1421496df12c4ab2"
"knowledge-base/prabhupada-corpus/books/018_Bhagavad_Gita_As_It_Is_Chapter_08_Attaining_the_Supreme.md","78846","944052e3ef07a898a87643d47b5cf04c84e279d9914d00b6f939f96861c15f15"
"knowledge-base/prabhupada-corpus/books/019_Bhagavad_Gita_As_It_Is_Chapter_09_The_Most_Confidential_Knowledge.md","135270","8bb368745c17372bbbdddeb50d70996560bcbd9845efe3b2ea79009033001905"
"knowledge-base/prabhupada-corpus/books/020_Bhagavad_Gita_As_It_Is_Foreword_Preface_and_Introduction.md","98356","9d93e4ced5524fa6a6da87a909c40323938bc807e18b16bd1aa332abb9d440a0"
"knowledge-base/prabhupada-corpus/books/021_Chaitanya_Charitamrita_Antya_lila_Chapter_01_Srila_Rupa_Gosvami_s_Second_Meeting_With_the_Lord.md","335401","58ffc074544228c580e38b10947c32679c7e70d867be5ad5477e00d5f4b92310"
"knowledge-base/prabhupada-corpus/books/022_Chaitanya_Charitamrita_Antya_lila_Chapter_10_Sri_Caitanya_Mahaprabhu_Accepts_Prasada_from_the_Devotees.md","205350","ecdc40bec1d18c727dcfafe322ecf8a14756205c62cf4034ee359bb2bce8cad8"
"knowledge-base/prabhupada-corpus/books/023_Chaitanya_Charitamrita_Antya_lila_Chapter_11_The_Passing_of_Haridasa_Thakura.md","146589","11776a8184e5f42c924a7ffa9a89d886f3b65b44208e78480bcff6160e273e9b"
"knowledge-base/prabhupada-corpus/books/024_Chaitanya_Charitamrita_Antya_lila_Chapter_12_The_Loving_Dealings_Between_Lord_Sri_Caitanya_Mahaprabhu_and_Jagadananda_Pandita.md","201197","a7fc26de3cb57b11fd52a535eb7a29d498492cb71c7ea855d4442ab4f35d34d0"
"knowledge-base/prabhupada-corpus/books/025_Chaitanya_Charitamrita_Antya_lila_Chapter_13_Pastimes_with_Jagadananda_Pandita_and_Raghunatha_Bhatta_Gosvami.md","191411","b668188e1b9bd335fb5e4f1145ae1e22248331eec4f9112b97f280be5b27a4fb"
"knowledge-base/prabhupada-corpus/books/026_Chaitanya_Charitamrita_Antya_lila_Chapter_14_Lord_Sri_Caitanya_Mahaprabhu_s_Feelings_of_Separation_from_Krsna.md","181899","18ba7dd16e2c12be78df1c2cecc7711eb5788871f74ddade2efb432533ccc144"
"knowledge-base/prabhupada-corpus/books/027_Chaitanya_Charitamrita_Antya_lila_Chapter_15_The_Transcendental_Madness_of_Lord_Sri_Caitanya_Mahaprabhu.md","141532","209ea4d6ff05dc7881b6f6c527b5093ef167a20787277ab2c1cdb53d2bc452d8"
"knowledge-base/prabhupada-corpus/books/028_Chaitanya_Charitamrita_Antya_lila_Chapter_16_Lord_Sri_Caitanya_Mahaprabhu_Tastes_Nectar_from_the_Lips_of_Lord_Sri_Krsna.md","215490","f4d12330d9440c967efb6c7e493eba632450d79d187bf336c2b4c0f7bae9e1a2"
"knowledge-base/prabhupada-corpus/books/029_Chaitanya_Charitamrita_Antya_lila_Chapter_17_The_Bodily_Transformations_of_Lord_Sri_Caitanya_Mahaprabhu.md","104286","5db3323992225ed4d81edca361bb87472c77f9c8df706794a26fba7b5f48025d"
"knowledge-base/prabhupada-corpus/books/030_Chaitanya_Charitamrita_Antya_lila_Chapter_18_Rescuing_the_Lord_from_the_Sea.md","161639","6c6651ae8384c5c88efeec7ed352664c966e73fc43101fa48a16f8a04ca6f33c"
"knowledge-base/prabhupada-corpus/books/031_Chaitanya_Charitamrita_Antya_lila_Chapter_19_The_Inconceivable_Behavior_of_Lord_Sri_Caitanya_Mahaprabhu.md","170288","29dcde2c8b417a49ea5d8b73209777529863368935abe1381213de5847b7c31f"
"knowledge-base/prabhupada-corpus/books/032_Chaitanya_Charitamrita_Antya_lila_Chapter_02_The_Chastisement_of_Junior_Haridasa.md","239649","a567bb3c5e751a9c30df66e4ffaaa976b35f5175547d498a755c970677bb01c4"
"knowledge-base/prabhupada-corpus/books/033_Chaitanya_Charitamrita_Antya_lila_Chapter_20_The_Siksastaka_Prayers.md","220544","11f7e3d72ca6fd8db3a53a7c71eea2a29489fc8bf010304d12ea8fb3f05fd06c"
"knowledge-base/prabhupada-corpus/books/034_Chaitanya_Charitamrita_Antya_lila_Chapter_03_The_Glories_of_Srila_Haridasa_Thakura.md","410561","24d8d09b5a86d3f69e734bbe20003ee0fc35a9b7dcb4169e1e627bd8d5e276c2"
"knowledge-base/prabhupada-corpus/books/035_Chaitanya_Charitamrita_Antya_lila_Chapter_04_Sanatana_Gosvami_Visits_the_Lord_at_Jagannatha_Puri.md","337857","adeb245f4bc033966e3b26ea302c63041c4e13aa9415545e898851a1e00332d6"
"knowledge-base/prabhupada-corpus/books/036_Chaitanya_Charitamrita_Antya_lila_Chapter_05_How_Pradyumna_Misra_Received_Instructions_from_Ramananda_Raya.md","249576","29de53b3b05903c2aecc2864467fa79097f815837b7e35d7795e0659f9328985"
"knowledge-base/prabhupada-corpus/books/037_Chaitanya_Charitamrita_Antya_lila_Chapter_06_The_Meeting_of_Sri_Caitanya_Mahaprabhu_and_Raghunatha_dasa_Gosvami.md","445169","47dd84188c41333c647764dc986010867d9f246fe43d7560b17afefaf417e8a4"
"knowledge-base/prabhupada-corpus/books/038_Chaitanya_Charitamrita_Antya_lila_Chapter_07_The_Meeting_of_Sri_Caitanya_Mahaprabhu_and_Vallabha_Bhatta.md","236683","f5ca0310bab71a17278d447ae2ff2e921ae7da8b14b86498d44a5524be76abf6"
"knowledge-base/prabhupada-corpus/books/039_Chaitanya_Charitamrita_Antya_lila_Chapter_08_Ramacandra_Puri_Criticizes_the_Lord.md","141787","5c2db768dda372dca275634b00e5ff71d3ea74380de63ce217d21c5a24f9904b"
"knowledge-base/prabhupada-corpus/books/040_Chaitanya_Charitamrita_Antya_lila_Chapter_09_The_Deliverance_of_Gopinatha_Pattanayaka.md","210782","5337198677b79481c36de1b820c7502715179918f15454a24e848c4761460553"
"knowledge-base/prabhupada-corpus/books/041_Chaitanya_Charitamrita_Madhya_lila_Chapter_01_The_Later_Pastimes_of_Lord_Sri_Caitanya_Mahaprabhu.md","459760","8c979e48b2a4056714c9daa5561af13ca9b43c88f042c02d088512564a8ed2d0"
"knowledge-base/prabhupada-corpus/books/042_Chaitanya_Charitamrita_Madhya_lila_Chapter_10_The_Lord_s_Return_to_Jagannatha_Puri.md","291038","2eff9aa05c71a078e737725b4a8c53ecf517877d8afc48061d5769045ee24995"
"knowledge-base/prabhupada-corpus/books/043_Chaitanya_Charitamrita_Madhya_lila_Chapter_11_The_Beda_kirtana_Pastimes_of_Sri_Caitanya_Mahaprabhu.md","369906","6bd617f0954c4c9cf5d5f162a284e9c8b1d65392075361a4cab4d951cb90a208"
"knowledge-base/prabhupada-corpus/books/044_Chaitanya_Charitamrita_Madhya_lila_Chapter_12_The_Cleansing_of_the_Gundica_Temple.md","331630","e734c1d850a484fecb63d71b87bde25787c1e1c11b52b871fec85857325591c4"
"knowledge-base/prabhupada-corpus/books/045_Chaitanya_Charitamrita_Madhya_lila_Chapter_13_The_Ecstatic_Dancing_of_the_Lord_at_Ratha_yatra.md","311666","9a62334c371546ffca47a62ebcead7f18ec16ca0c6e85a5cca82240b59dfe8ed"
"knowledge-base/prabhupada-corpus/books/046_Chaitanya_Charitamrita_Madhya_lila_Chapter_14_Performance_of_the_Vrndavana_Pastimes.md","358534","019ff7f07d3836b74dbb65299105da8bc1df50180418e702dd6a6093bf1ce364"
"knowledge-base/prabhupada-corpus/books/047_Chaitanya_Charitamrita_Madhya_lila_Chapter_15_The_Lord_Accepts_Prasada_at_the_House_of_Sarvabhauma_Bhattacarya.md","461143","9ebca77721d043f5d3274fa04013c6282520c9455f99283155f2adbc245e8db0"
"knowledge-base/prabhupada-corpus/books/048_Chaitanya_Charitamrita_Madhya_lila_Chapter_16_The_Lord_s_Attempt_to_Go_to_Vrndavana.md","427269","6266a72387466d9464cf53b030137048c1b2bf2e5c9017f39fadb18bf04ba8cc"
"knowledge-base/prabhupada-corpus/books/049_Chaitanya_Charitamrita_Madhya_lila_Chapter_17_The_Lord_Travels_to_Vrndavana.md","376240","a70cbcf2b91c317526bee32a2c89e267f562636b9a07056246235564d50f6360"
"knowledge-base/prabhupada-corpus/books/050_Chaitanya_Charitamrita_Madhya_lila_Chapter_18_Lord_Sri_Caitanya_Mahaprabhu_s_Visit_to_Sri_Vrndavana.md","335758","96c10efffe77091f28d6612a8d3893f2941abc9728e6554a6b1b108bf97ec61c"
"knowledge-base/prabhupada-corpus/books/051_Chaitanya_Charitamrita_Madhya_lila_Chapter_19_Lord_Sri_Caitanya_Mahaprabhu_Instructs_Srila_Rupa_Gosvami.md","465998","5b251e978d7403117765b2f73a40179e984b32840e3c2038c0f8eae877ebc981"
"knowledge-base/prabhupada-corpus/books/052_Chaitanya_Charitamrita_Madhya_lila_Chapter_02_The_Ecstatic_Manifestations_of_Lord_Sri_Caitanya_Mahaprabhu.md","168881","001b3690225a52d153a43d9ed4bac3ca129df83ee58ae9c3d497f1d84c903f96"
"knowledge-base/prabhupada-corpus/books/053_Chaitanya_Charitamrita_Madhya_lila_Chapter_20_Lord_Sri_Caitanya_Mahaprabhu_Instructs_Sanatana_Gosvami_in_the_Science_of_the_Absolute_Truth.md","652011","c034cecffbd419faf7d43813110731ffd70caff9865d2aebbb647486b0a50d82"
"knowledge-base/prabhupada-corpus/books/054_Chaitanya_Charitamrita_Madhya_lila_Chapter_21_The_Opulence_and_Sweetness_of_Lord_Sri_Krsna.md","236215","7bca788f932ac0aa9539005356da06b796a09f91664d5b42c95e7bb1b8315983"
"knowledge-base/prabhupada-corpus/books/055_Chaitanya_Charitamrita_Madhya_lila_Chapter_22_The_Process_of_Devotional_Service.md","302871","08e162567b81eb8048ec54f4bf37e3b2379a3047ab6b81b57327b7a5e1f69721"
"knowledge-base/prabhupada-corpus/books/056_Chaitanya_Charitamrita_Madhya_lila_Chapter_23_Life_s_Ultimate_Goal_Love_of_Godhead.md","205391","b44e238424d6ced6aed78463b56764ab2f9f76bc6b81b014d8c8d765613ba85f"
"knowledge-base/prabhupada-corpus/books/057_Chaitanya_Charitamrita_Madhya_lila_Chapter_24_The_Sixty_One_Explanations_of_the_Atmarama_Verse.md","599872","b4a379f2bf31ec410d6ecc813ce6aa8bd53ddb695ada1b79c09e54316557a1be"
"knowledge-base/prabhupada-corpus/books/058_Chaitanya_Charitamrita_Madhya_lila_Chapter_25_How_All_the_Residents_of_Varanasi_Became_Vaisnavas.md","452305","c12796da92458a6b03cbeaf35d006719ea1174022cc2b6f7593b37ecaf83b864"
"knowledge-base/prabhupada-corpus/books/059_Chaitanya_Charitamrita_Madhya_lila_Chapter_03_Lord_Sri_Caitanya_Mahaprabhu_s_Stay_at_the_House_of_Advaita_Acarya.md","319048","31e983189a20739ef8d779785d86bda5862e7cb81335e3e68b1796a56c468fba"
"knowledge-base/prabhupada-corpus/books/060_Chaitanya_Charitamrita_Madhya_lila_Chapter_04_Sri_Madhavendra_Puri_s_Devotional_Service.md","324690","3ed4455e3f999887893d9b01f53c45ed196e48b6e3aaa00123105a8adda194d1"
"knowledge-base/prabhupada-corpus/books/061_Chaitanya_Charitamrita_Madhya_lila_Chapter_05_The_Activities_of_Saksi_gopala.md","235998","05661ecc599f36e5aab414451e1deeea6ab2027eca2068ea84ffdcf9c8283968"
"knowledge-base/prabhupada-corpus/books/062_Chaitanya_Charitamrita_Madhya_lila_Chapter_06_The_Liberation_of_Sarvabhauma_Bhattacarya.md","499679","d1ac761dd4ec37de5164ce3e260976c34f12affdac98cddb87c559170eae0cc0"
"knowledge-base/prabhupada-corpus/books/063_Chaitanya_Charitamrita_Madhya_lila_Chapter_07_The_Lord_s_Tour_of_South_India.md","233622","13895d9d5c94e7c247bf6d6877892d008cb12da4446c53bc3c030734b729091f"
"knowledge-base/prabhupada-corpus/books/064_Chaitanya_Charitamrita_Madhya_lila_Chapter_08_Talks_Between_Sri_Caitanya_Mahaprabhu_and_Ramananda_Raya.md","600831","20dd47bed0673f547a352ae662e73c890586cfa5ba0478d50f58ac030f9d2e78"
"knowledge-base/prabhupada-corpus/books/065_Chaitanya_Charitamrita_Madhya_lila_Chapter_09_Lord_Sri_Caitanya_Mahaprabhu_s_Travels_to_the_Holy_Places.md","594368","06b3ce2222b323c484e5a186296652eabf001cb6ba9209192838ea7d32bbdd7f"
"knowledge-base/prabhupada-corpus/books/066_Chaitanya_Charitamrita_Preface_and_Introduction.md","62919","c58b42e2f8cee5ac8a3be8344847edcb43e39f930c8ceee9a1151fad8e6c0409"
"knowledge-base/prabhupada-corpus/books/067_Chaitanya_Charitamrita_Adi_lila_Chapter_01_The_Spiritual_Masters.md","220045","3a682ac73d0fddc7c3d2f7a33a83c467c98f644efb8a47ccfc3d93cba21384ac"
"knowledge-base/prabhupada-corpus/books/068_Chaitanya_Charitamrita_Adi_lila_Chapter_10_The_Trunk_Branches_and_Subbranches_of_the_Caitanya_Tree.md","334131","84255dcc3547ef234de53f2d1257540b6f4ba47a1f9dc7d403f6111fe7a04d55"
"knowledge-base/prabhupada-corpus/books/069_Chaitanya_Charitamrita_Adi_lila_Chapter_11_The_Expansions_of_Lord_Nityananda.md","120339","af5fbe303baaba9ff4ae3df8db54211b0130b6deea78ee07a2029def4b177021"
"knowledge-base/prabhupada-corpus/books/070_Chaitanya_Charitamrita_Adi_lila_Chapter_12_The_Expansions_of_Advaita_Acarya_and_Gadadhara_Pandita.md","172754","05cac41ceb47f760a7574fbd13b1d5da63f30f232af641addd255abe477a740f"
"knowledge-base/prabhupada-corpus/books/071_Chaitanya_Charitamrita_Adi_lila_Chapter_13_The_Advent_of_Lord_Sri_Caitanya_Mahaprabhu.md","225887","8f9a9ae75994bb01ed1d6fbf3ac9a7973f12c2cbe3f3651262d97ed8b9dd2351"
"knowledge-base/prabhupada-corpus/books/072_Chaitanya_Charitamrita_Adi_lila_Chapter_14_Lord_Caitanya_s_Childhood_Pastimes.md","165785","811fa5217bb2673bf7985726ef2818d76b8e7633432ed0933d6a9fc30e6e0ebc"
"knowledge-base/prabhupada-corpus/books/073_Chaitanya_Charitamrita_Adi_lila_Chapter_15_The_Lord_s_Pauganda_lila.md","52624","ba67ad8328f9846b76ca9c0ec60b730d484974f7d46cf8534852c9fe5af325d2"
"knowledge-base/prabhupada-corpus/books/074_Chaitanya_Charitamrita_Adi_lila_Chapter_16_The_Pastimes_of_the_Lord_in_His_Childhood_and_Youth.md","171632","dd705be71abcbd54b5791a14f34cbbe817dc143a7190e8aa42d86cae64a23537"
"knowledge-base/prabhupada-corpus/books/075_Chaitanya_Charitamrita_Adi_lila_Chapter_17_The_Pastimes_of_Lord_Caitanya_Mahaprabhu_in_His_Youth.md","557619","5bc8bd4e6fba91a5b273c04d416b81df9b6a81f380f63d540699500a9bbfe9a3"
"knowledge-base/prabhupada-corpus/books/076_Chaitanya_Charitamrita_Adi_lila_Chapter_02_Sri_Caitanya_Mahaprabhu_Is_the_Supreme_Personality_of_Godhead.md","234434","4e9a2b89772efab906f674d63cd45769ae47368ea283eef4fca7296be8d80d53"
"knowledge-base/prabhupada-corpus/books/077_Chaitanya_Charitamrita_Adi_lila_Chapter_03_The_External_Reasons_for_Lord_Caitanya_s_Appearance.md","201732","6034b2f889bd2c8ef7affead2b2ec95b187fae720cd54d509d698777801f0d02"
"knowledge-base/prabhupada-corpus/books/078_Chaitanya_Charitamrita_Adi_lila_Chapter_04_The_Confidential_Reasons_for_Lord_Caitanya_s_Appearance.md","424367","1b72b4d6bcacf4ff7a42333959207c00ad11c22c6750c9103ecbdf61d795756b"
"knowledge-base/prabhupada-corpus/books/079_Chaitanya_Charitamrita_Adi_lila_Chapter_05_The_Glories_of_Lord_Nityananda_Balarama.md","465545","e905a33305b43df9247e171fca441fd078bad5f7e0499720e0f699ddb7871f18"
"knowledge-base/prabhupada-corpus/books/080_Chaitanya_Charitamrita_Adi_lila_Chapter_06_The_Glories_of_Sri_Advaita_Acarya.md","201170","2d7caadcd9afb3b6beee8cbe51396ff5158c5d05be54902640c3f18ca94ef207"
"knowledge-base/prabhupada-corpus/books/081_Chaitanya_Charitamrita_Adi_lila_Chapter_07_Lord_Caitanya_in_Five_Features.md","521262","31a4ba264a89f9f1736dde5fbc09f29d607714bb9a65ebab5d475cfc4838f7ca"
"knowledge-base/prabhupada-corpus/books/082_Chaitanya_Charitamrita_Adi_lila_Chapter_08_The_Author_Receives_the_Orders_of_Krsna_and_Guru.md","178583","7deaa0c324ef7094f3fc5ca1cf1c5eecc5710312484ce0c79c67b8b104391bc7"
"knowledge-base/prabhupada-corpus/books/083_Chaitanya_Charitamrita_Adi_lila_Chapter_09_The_Tree_of_Devotional_Service.md","119687","4a82a0480c990e3dd61ff8aed39323fd6466dfc6fd74f30c9c06844e8a15c2a4"
"knowledge-base/prabhupada-corpus/books/084_Civilization_and_Transcendence_1_5.md","54480","18219b24c4c1824d8465e258bc2318bae8153782f611eec7eb8e3c1622d4ed53"
"knowledge-base/prabhupada-corpus/books/085_Civilization_and_Transcendence_11_14.md","36883","82368e4bc9e146723dfdc41c806c998283afebf0952655314fab970e0cb8f795"
"knowledge-base/prabhupada-corpus/books/086_Civilization_and_Transcendence_6_10.md","40031","a8f75de196e5d49fbbf8ca5b528bc0e024b59267f867ee8a437baf50efe61318"
"knowledge-base/prabhupada-corpus/books/087_Dharma_the_way_to_transcendence_1_16.md","215832","8d4336c87af7dd09d1db98eecb693c5894deab75f1393100c9cb045a84be9b4f"
"knowledge-base/prabhupada-corpus/books/088_Easy_Journey_to_Other_Planets.md","124120","93bb4bf7babeb623e048c64dc038fde99555cf9bc2f197c1504d9e0385edfd12"
"knowledge-base/prabhupada-corpus/books/089_Elevation_To_Krsna_Consciousness.md","138933","a5ea9b2f03556d8127ff1fe873e520fc1de31688247ca1afc574bd1bd500ab22"
"knowledge-base/prabhupada-corpus/books/090_Gitar_Gan_Bengali_Poetic_Edition_of_Bhagavad_Gita_As_It_Is.md","261890","b1fea3c4f93fd1e1a5debeac2aa225b6235bfb11dcb04f419ac665f2d62a8d37"
"knowledge-base/prabhupada-corpus/books/091_Glossary.md","350163","4bfad786828492f4b3ee52bd0faa8bb181e5f95647e479325f40fc6ceabab356"
"knowledge-base/prabhupada-corpus/books/092_KRSNA_The_Reservoir_Of_Pleasure.md","26391","8576de50fae962653fd0551284312787dc5cf4af0fe20557fe9f37360b9171a9"
"knowledge-base/prabhupada-corpus/books/093_Krishna_Consciousness_The_Matchless_Gift.md","111256","7f72fb4ac9a24b632f1d194c7f86cee01ad958f5e0a2f792dfd69959eb3de9fb"
"knowledge-base/prabhupada-corpus/books/094_Krishna_Book_Volume_1_1_5.md","140561","b197eb2fd2c30c4ba11d137a8ccedfaccd4c533038d6710e8d68c91dc1ac3252"
"knowledge-base/prabhupada-corpus/books/095_Krishna_Book_Volume_1_11_15.md","122546","3336b781d09d07bb68e0ef48e3198168614d8d98a2616b41a333b097c9fead9e"
"knowledge-base/prabhupada-corpus/books/096_Krishna_Book_Volume_1_16_20.md","72251","277f10b048e52185458b2166049fbb49fec4af8b899cb3f4eba73499b16d3e9b"
"knowledge-base/prabhupada-corpus/books/097_Krishna_Book_Volume_1_21_25.md","79190","baf5efd1ef83664680da05d14ca64211ac48dc9271769cf42c8db64f57a32470"
"knowledge-base/prabhupada-corpus/books/098_Krishna_Book_Volume_1_26_30.md","84433","d20784aaf03594baadc99f72ab94f5356578458b7cf8df29a73c75f51533ace7"
"knowledge-base/prabhupada-corpus/books/099_Krishna_Book_Volume_1_31_35.md","84950","3639c01a488f2300d0903f7352f724f9f9ce3b6b8ad1c87b5c6077c745820c33"
"knowledge-base/prabhupada-corpus/books/100_Krishna_Book_Volume_1_36_40.md","67932","8ddaa63f51a8be9a85b1d3c9cbe3ff4f85a6794abbb5630e62abcff1a86b253c"
"knowledge-base/prabhupada-corpus/books/101_Krishna_Book_Volume_1_41_45.md","82200","ca87e9610d27960f622c6f27a30a1cb1b6799b99f863a58ea76694378bcf6bf7"
"knowledge-base/prabhupada-corpus/books/102_Krishna_Book_Volume_1_46_50.md","134509","7bebb44dcd925752c6a1b71807673e003957d0732c178a26d6c26dbd7e81f2de"
"knowledge-base/prabhupada-corpus/books/103_Krishna_Book_Volume_1_51_54.md","78255","daa77212f6759ed5b3accb71470b06016d5488220cda829ad3445beff31b2df2"
"knowledge-base/prabhupada-corpus/books/104_Krishna_Book_Volume_1_6_10.md","78472","6701cfa86bcdc2356fdc67c84a0bc8c94a3aade731f8926d0f895ff085e0d47b"
"knowledge-base/prabhupada-corpus/books/105_Krishna_Book_Volume_2_1_5.md","128688","54bf2170927502383eba062ee58a2f7f0192cd3ee94e6d11f7f5dbbef4aed21c"
"knowledge-base/prabhupada-corpus/books/106_Krishna_Book_Volume_2_11_15.md","98675","edd9c07af1c2b2a7691e90e34a4076bd1d8b05d6ce4abcd5aaf3bf3d63250faf"
"knowledge-base/prabhupada-corpus/books/107_Krishna_Book_Volume_2_16_20.md","93661","90c59b65df34859b6bf25719a2223effdd1acb2538dea503e97e619786b849b2"
"knowledge-base/prabhupada-corpus/books/108_Krishna_Book_Volume_2_21_25.md","82805","d9404b8dc4fb53b9b68c1ecc6334f6b76277050749b689b6d885d57b78f999e1"
"knowledge-base/prabhupada-corpus/books/109_Krishna_Book_Volume_2_26_30.md","120132","ca7bfa7c481e499b49e54b2d90180615da5c2e63f6a9e77e06b20cf65897a4cd"
"knowledge-base/prabhupada-corpus/books/110_Krishna_Book_Volume_2_31_35.md","364578","cbbffc465cf552ea48aa7a99de7e2b9e8b7b0509049f8629f11308f1817ebc9a"
"knowledge-base/prabhupada-corpus/books/111_Krishna_Book_Volume_2_6_10.md","88049","4f0659b1aca5c6b47962b9865f6b7f4405e383e6d4566eee8ee2538a87e245ca"
"knowledge-base/prabhupada-corpus/books/112_Life_Comes_from_Life.md","184755","5decf06e5bf4f2e28eea00ea0fb7a83f9d270da4b6c4441185a8e5b56cb9937f"
"knowledge-base/prabhupada-corpus/books/113_Light_Of_The_Bhagavat.md","120677","0901a04eb8c09c37a9d7a4db763aa3cf80a8772a3903f336cbe9050c8ae57605"
"knowledge-base/prabhupada-corpus/books/114_Message_Of_Godhead.md","130210","0d03886d2420287202e8a8bc1a91bbae7445feebcf8354898b6b352022cef52e"
"knowledge-base/prabhupada-corpus/books/115_Mukunda_Mala_Strotra.md","290960","1f5a3fbe19bd4c3858db1c0731a1d755daf95da28d62f1995f0230a33479fab4"
"knowledge-base/prabhupada-corpus/books/116_Narad_Bhakti_Sutra_1_5.md","415251","34cd41b0c6b6f056f281567384f47d3d2fa0a17598bba1095c1d842a5b019e34"
"knowledge-base/prabhupada-corpus/books/117_On_The_Way_To_Krsna.md","116131","5b2256c14e8ed88be26bca752e976947ae120599e6ff4c4f75406fc5ff4e4556"
"knowledge-base/prabhupada-corpus/books/118_Path_of_Perfection_1_5.md","161354","85751fdcdee29471dbe973260949a06f888ef81e347d77a8e0147adc47b405bb"
"knowledge-base/prabhupada-corpus/books/119_Path_of_Perfection_6_10.md","155810","2bba8879908a7a873e1fe14fb5a3a27236660cedd2bd1e4733f12d27aaa2b909"
"knowledge-base/prabhupada-corpus/books/120_Perfect_question_perfect_answer_1_5.md","77578","5ea8ff17cd92c0ec60fa8a6275b015dfd6135d8be444e93980b200fc4192c193"
"knowledge-base/prabhupada-corpus/books/121_Perfect_question_perfect_answer_6_9.md","79607","75b7f042328488d75ff63a3f5d22ecace02242f35f41f60bde5b67efea058a59"
"knowledge-base/prabhupada-corpus/books/122_Perfection_of_Yoga_1_4.md","51492","99937e5b015f613e1ce236036cc13cbc1cd9b9a73b553c085f018f949d48e9f6"
"knowledge-base/prabhupada-corpus/books/123_Perfection_of_Yoga_5_8.md","38374","5104a083210f52c49e32e309e99789cae66c3260bbe3d1b1b145aadd47c72783"
"knowledge-base/prabhupada-corpus/books/124_Renunciation_Through_Wisdom.md","509732","7cfb7fa326bb339bcc4c81a853addc33f46176f18dbf3d3c96252d42bdf2210d"
"knowledge-base/prabhupada-corpus/books/125_Raja_Vidya_1_4.md","71903","030572ea389356ca31a04f77bd6b12e82153d345ad5a2106cc40bb34c1486fb8"
"knowledge-base/prabhupada-corpus/books/126_Raja_Vidya_5_8.md","97855","394645c1a3f3df5d6aaeaccb84452e21b2273fc58f94f910b5b3b1d6deed570f"
"knowledge-base/prabhupada-corpus/books/127_Science_of_Self_Realization_1_4.md","271137","8abff72776de5029dc8acf894206035ddf6b3b46c690b4757e212e24b0af9cfb"
"knowledge-base/prabhupada-corpus/books/128_Science_of_Self_Realization_5_8.md","414158","92226e205f234d3daedafdc2b59f6f8e99789238927ade8aad184648df90d878"
"knowledge-base/prabhupada-corpus/books/129_Science_of_Self_Realization_Forward_Intro.md","18558","0b79848b374a0505ee5857e08c20043897d2037e496ed8d86b45c6d495b82911"
"knowledge-base/prabhupada-corpus/books/130_Second_Chance_1_5.md","52847","60983ab3dc782b89cb1dada8b5cdd304440ba2a1692e248a33ce703ee1fd9d00"
"knowledge-base/prabhupada-corpus/books/131_Second_Chance_11_15.md","90876","69fd1d410d973cd428436edf858c0a79a1a39fb194dee923f4ccbbdc6ef329cf"
"knowledge-base/prabhupada-corpus/books/132_Second_Chance_16_20.md","108887","1c24399792526855de530c70ca781542df6eda408d6c72442b6d30b1785b9711"
"knowledge-base/prabhupada-corpus/books/133_Second_Chance_21_22.md","35129","4e7156aaaea5d14e66c353ef9fb56f47ad3024f4ba3ea41067b58414e77752e9"
"knowledge-base/prabhupada-corpus/books/134_Second_Chance_6_10.md","58338","335fecb3a47e9fb3749d2d6995ce80355ab40ab5ae35b1f141cf384d45f284b4"
"knowledge-base/prabhupada-corpus/books/135_Sri_Brahma_Samhita.md","193363","0904898550d0d0560a1098f4ab386604142082e8985442f1e91dcc41bc792e26"
"knowledge-base/prabhupada-corpus/books/136_Sri_Isopanishad.md","188995","a44bb48abcd44ccac9672d8a40e8cd3f10e415551165f48ea2aa568e307ee5d1"
"knowledge-base/prabhupada-corpus/books/137_Teachings_of_Lord_Chaitanya_1_5.md","105292","a51bbcc212606f19b2f9a5e92f11f951e0bab1712c07f19ae05c61ff2840f577"
"knowledge-base/prabhupada-corpus/books/138_Teachings_of_Lord_Chaitanya_11_15.md","114190","496a666ea1325301c53eb3a3404ad5e53426c1b20902f54be12027ee013ea11b"
"knowledge-base/prabhupada-corpus/books/139_Teachings_of_Lord_Chaitanya_16_20.md","129099","2866f8e6d8912ae8d4b05bf827cc3e02aeede93a0ab64715ae9987bd29bf3a82"
"knowledge-base/prabhupada-corpus/books/140_Teachings_of_Lord_Chaitanya_21_25.md","102271","e3706e7c8779abe0a2be657adcf5d5522c85577a3e4a32bb82aa50119cb2af12"
"knowledge-base/prabhupada-corpus/books/141_Teachings_of_Lord_Chaitanya_26_32.md","143885","90ab412291f14022c96a0f1c252e064a8d21b187d21f6e0b78e4f6937d33b5f5"
"knowledge-base/prabhupada-corpus/books/142_Teachings_of_Lord_Chaitanya_6_10.md","79075","c8c65c3ea70bdb597f420e4f320640d31697d10a1d742c5c2b408a0aea035ecb"
"knowledge-base/prabhupada-corpus/books/143_Teachings_of_Lord_Chaitanya_Preface_Intro.md","87520","be06b28b202556fcacc8834898dcc449764f0dd5455835a6cbcdfd7eb3bdfb4a"
"knowledge-base/prabhupada-corpus/books/144_Teachings_of_Lord_Kapila_1_5.md","108442","bca0e804a9506f0fca2585ca72b52cbf99fd75b9351d660d1cb4ed229b72cfc5"
"knowledge-base/prabhupada-corpus/books/145_Teachings_of_Lord_Kapila_11_15.md","198455","a26297e00cdb26f52aabb169d123832e0280888b42bbc908cc8346ff2a14f791"
"knowledge-base/prabhupada-corpus/books/146_Teachings_of_Lord_Kapila_16_18.md","82902","9f0115e3c0adb9287f61b19fdaa23019e76937ac36e1a264159491a23d4689f8"
"knowledge-base/prabhupada-corpus/books/147_Teachings_of_Lord_Kapila_6_10.md","182234","df0dcbd109a96c476d77df571647f04771432c8cc720027c8f40b40ad2c7540e"
"knowledge-base/prabhupada-corpus/books/148_Teachings_of_Queen_Kunti_1_5.md","71990","3206a29b88e2d66376574036d7d2fdb9416253c3775ff802d410572f7776b401"
"knowledge-base/prabhupada-corpus/books/149_Teachings_of_Queen_Kunti_6_10.md","97236","25b7bf5f8bbad3b297db2a45211976ad9fee427bc8d71d329cd06c1886c93e51"
"knowledge-base/prabhupada-corpus/books/150_Teachings_of_Queen_Kunti_11_15.md","95234","aa646dbab2923f804acf247b643f64ea71223df0d1d20f2ee97c00830268d586"
"knowledge-base/prabhupada-corpus/books/151_Teachings_of_Queen_Kunti_16_20.md","92441","e2de53c6769a81bbb718921cc31c51a44bd4406710787e3d469faaa3658b326a"
"knowledge-base/prabhupada-corpus/books/152_Teachings_of_Queen_Kunti_21_26.md","112846","5bff3c5df3792c8104353ee094b44fe164107bf48fa8010258838fb13fc7ba25"
"knowledge-base/prabhupada-corpus/books/153_The_Journey_Of_Self_Discovery.md","557868","6f19078bc893ac22b45ffaf16224bd1922ef35428f64639f24d8d30e7ece1b09"
"knowledge-base/prabhupada-corpus/books/154_The_Laws_Of_Nature.md","135253","9aad3d0ec252f0528a755102ad6503bb697570a65f4d4037234d5b6056f27887"
"knowledge-base/prabhupada-corpus/books/155_Nectar_of_Devotion_1_5.md","114414","9fa26f9aed15aab4eabfd224fbf9c2096db99047b9c2999edc285118b788670c"
"knowledge-base/prabhupada-corpus/books/156_Nectar_of_Devotion_11_15.md","70493","8294844fafaed8efdc9b719a6abf0b4bfef787103ae8be42d62ab5bce859b443"
"knowledge-base/prabhupada-corpus/books/157_Nectar_of_Devotion_16_20.md","61595","f2a5c8aeb5448bff4b9a58e42b60b667eae10114d5642b1090d7cd582443d58b"
"knowledge-base/prabhupada-corpus/books/158_Nectar_of_Devotion_21_25.md","119179","9d5bcdd5a6e5c11441d7f5bd98a2deb6b32b22e9b91e710c24256645133f4392"
"knowledge-base/prabhupada-corpus/books/159_Nectar_of_Devotion_26_30.md","114657","785fa3cc4effdd57f334e540a9e5be35d40628a27680686b881eaae57f68b9ea"
"knowledge-base/prabhupada-corpus/books/160_Nectar_of_Devotion_31_35.md","60455","95409104924d6f5c8fac222c755249cd06505a9d37f9d24533fc0894e10db1ad"
"knowledge-base/prabhupada-corpus/books/161_Nectar_of_Devotion_36_40.md","59866","a3d7ae5cc3b1fc8375b8ca2b5a1b89a6176e59914ccc84253ad534f6029d21b5"
"knowledge-base/prabhupada-corpus/books/162_Nectar_of_Devotion_41_45.md","99415","ce64f78fca926e7cec592f001414d617698ea311f0d2ae04d53f660619babf5e"
"knowledge-base/prabhupada-corpus/books/163_Nectar_of_Devotion_46_51.md","76137","20ab7a2f5f7d1672d4e67707531c4d1e4dcdf3540bd00f00a756ee3daa7359db"
"knowledge-base/prabhupada-corpus/books/164_Nectar_of_Devotion_6_10.md","92382","754606974735af0674941aa3253ef6a498630175370ccf6f7c07083ac2b172fc"
"knowledge-base/prabhupada-corpus/books/165_Nectar_of_Devotion_Preface_Intro.md","36252","b08aa426851e2eaa8c647ef0dd5ac83d808131a470e256eb283faf665390a416"
"knowledge-base/prabhupada-corpus/books/166_Nectar_of_Instruction.md","146402","8f1b842dd51d50ca28689c0ad27eb10d74eb4858b23637da6f33d23049c310ae"
"knowledge-base/prabhupada-corpus/books/167_The_Quest_For_Enlightenment.md","477109","2b1cf201b0d427a4523c114afdcde42ef632612f4cfa061d22e860d9a2d9f216"
"knowledge-base/prabhupada-corpus/books/168_Topmost_Yoga_System_1_5.md","100447","45d870846d565374cde14b438647856580926c2e774659d94fbfa03bffe5f5b2"
"knowledge-base/prabhupada-corpus/books/169_Topmost_Yoga_System_6_9.md","56771","fbdffc0f5408d969ecbd8bd8be254c31ce0ea28a105cc0e3c53753472a04b292"
"knowledge-base/prabhupada-corpus/books/170_Transcendental_Teachings_of_Prahlad_Maharaj.md","54919","155c534b9cceea5fd71efccb18701c41eeacf812775ba1470ec37e80b2f4b4e5"
"knowledge-base/prabhupada-corpus/books/171_Srimad_Bhagavatam_Canto_1_chapter_1_6.md","801115","49e38ca670cf6a08403be6f9cb862691c2cb032403e3d0501204991fc04bad7c"
"knowledge-base/prabhupada-corpus/books/172_Srimad_Bhagavatam_Canto_1_chapter_13_19.md","920618","d750dcf195466f097a6f4b2425e754fe24e654a2a452e35da85eb29d2cee65f4"
"knowledge-base/prabhupada-corpus/books/173_Srimad_Bhagavatam_Canto_1_chapter_7_12.md","877616","b8fe71d52ab591ea35ff68677843ba4bf5e2c2e6b76437950878145fd76fa676"
"knowledge-base/prabhupada-corpus/books/174_Srimad_Bhagavatam_Canto_10_chapter_1_5.md","770489","4aae5204af513e79819ba2f410b155d2cf1750cca192ba98afc8e9f76a64fa8e"
"knowledge-base/prabhupada-corpus/books/175_Srimad_Bhagavatam_Canto_10_chapter_11_13.md","366973","7ee7807fc52f4a9101b4e368d47ed592a37094d020044556041ed5e32cba0bf2"
"knowledge-base/prabhupada-corpus/books/176_Srimad_Bhagavatam_Canto_10_chapter_14_20_As_Re_told_by_Disciples.md","612454","bb757195aab59bfc453352ee519b1350f6bd4e9b976be62358115e3163bf17c3"
"knowledge-base/prabhupada-corpus/books/177_Srimad_Bhagavatam_Canto_10_chapter_21_25_As_Re_told_by_Disciples.md","358458","eba6c576d0b88e88f4084ef525db6e24dc521fef399bf7b52a1f6cd8aefba551"
"knowledge-base/prabhupada-corpus/books/178_Srimad_Bhagavatam_Canto_10_chapter_26_30_As_Re_told_by_Disciples.md","375659","51b1fff4337ef8852530ebea0f5cb7cfe3f18f52e1c3eb38435ac0da01a8fd8f"
"knowledge-base/prabhupada-corpus/books/179_Srimad_Bhagavatam_Canto_10_chapter_31_35_As_Re_told_by_Disciples.md","243342","f1a44d23a13965935678bbf716624322bdb2395244ac629a086bfe0ab3170011"
"knowledge-base/prabhupada-corpus/books/180_Srimad_Bhagavatam_Canto_10_chapter_36_40_As_Re_told_by_Disciples.md","305028","5390b30b3f9e40e8629bcbbae08bae72d8ba200244063b919b273484dde23356"
"knowledge-base/prabhupada-corpus/books/181_Srimad_Bhagavatam_Canto_10_chapter_41_45_As_Re_told_by_Disciples.md","353787","9eeffcdaebad4f0f3151ea691d17c1ec6ffaed1f0026336a3d65338fdc8da257"
"knowledge-base/prabhupada-corpus/books/182_Srimad_Bhagavatam_Canto_10_chapter_46_50_As_Re_told_by_Disciples.md","422068","7f1afead3e7775eda0c0ad7c5ad6824310dae339ae1e9057304cb30bb5e0ac5e"
"knowledge-base/prabhupada-corpus/books/183_Srimad_Bhagavatam_Canto_10_chapter_51_55_As_Re_told_by_Disciples.md","413350","1350b7ca8796a19148331d3eb74adc835e95ef2fa705e5cf293a41dedcda02cd"
"knowledge-base/prabhupada-corpus/books/184_Srimad_Bhagavatam_Canto_10_chapter_56_60_As_Re_told_by_Disciples.md","419186","ae91e2e8fe23aaf0046fd892119c5a7d963a129bb2a78a12e81325b6c034e7c4"
"knowledge-base/prabhupada-corpus/books/185_Srimad_Bhagavatam_Canto_10_chapter_6_10.md","457045","332921a68f77d7bbcd2b5e777baeca461315c8d758c182658631a1556fe0fa82"
"knowledge-base/prabhupada-corpus/books/186_Srimad_Bhagavatam_Canto_10_chapter_61_65_As_Re_told_by_Disciples.md","334026","38207a05313d3caa51e6e4215864db9e9389ade23890128147e89516aa5b70c7"
"knowledge-base/prabhupada-corpus/books/187_Srimad_Bhagavatam_Canto_10_chapter_66_70_As_Re_told_by_Disciples.md","351169","bbcf38242b2c6fd40cf1c455c1025c1d3fc8b3f522c2504a3c11bd39611c3118"
"knowledge-base/prabhupada-corpus/books/188_Srimad_Bhagavatam_Canto_10_chapter_71_75_As_Re_told_by_Disciples.md","354994","cbb8658856536d6db11cf81a34e4a57dad54963edd63e3513643546eedb9e338"
"knowledge-base/prabhupada-corpus/books/189_Srimad_Bhagavatam_Canto_10_chapter_76_80_As_Re_told_by_Disciples.md","282994","36560b56fb44f4163f9d53f75a0d2c803325b33a208c978dddfab9f4de8eccd7"
"knowledge-base/prabhupada-corpus/books/190_Srimad_Bhagavatam_Canto_10_chapter_81_85_As_Re_told_by_Disciples.md","452890","1dd3ba3e4a80d98e3bfa658e9409cf87e05fd130972c6b57ca61488a149928bd"
"knowledge-base/prabhupada-corpus/books/191_Srimad_Bhagavatam_Canto_10_chapter_86_90_As_Re_told_by_Disciples.md","631823","fbdeda5ba83b975c3eca20736857a82648360f0950d5aa6bf502a42617a32a90"
"knowledge-base/prabhupada-corpus/books/192_Srimad_Bhagavatam_Canto_11_chapter_1_5_As_Re_told_by_Disciples.md","1056204","67c060304a26c561060ee7a50745cbcae600f4b43391a57b13d8bbe8558de98e"
"knowledge-base/prabhupada-corpus/books/193_Srimad_Bhagavatam_Canto_11_chapter_11_15_As_Re_told_by_Disciples.md","544044","f94bd02c6b896ad17adb2075cddfec74c9bb6bd5cfd2b177675b9d7d20d58697"
"knowledge-base/prabhupada-corpus/books/194_Srimad_Bhagavatam_Canto_11_chapter_16_20_As_Re_told_by_Disciples.md","547121","3a01e57ef237fa0207e0088fdc49b4a4955a1bdeeff4725423c8bc50965f4c46"
"knowledge-base/prabhupada-corpus/books/195_Srimad_Bhagavatam_Canto_11_chapter_21_25_As_Re_told_by_Disciples.md","501748","ea5e663286a105584ccf89e78d89ed1364847559c9eb48b1c959ed3b05d7c11c"
"knowledge-base/prabhupada-corpus/books/196_Srimad_Bhagavatam_Canto_11_chapter_26_31_As_Re_told_by_Disciples.md","483625","ac6d441a98346321450dec48f02578fff3c60c12e251d1d3502b8b89c32ed93a"
"knowledge-base/prabhupada-corpus/books/197_Srimad_Bhagavatam_Canto_11_chapter_6_10_As_Re_told_by_Disciples.md","629197","5f4e053012de44429249f213d9e72bf3076ac795cc49fa98c9ca7012bd375ad5"
"knowledge-base/prabhupada-corpus/books/198_Srimad_Bhagavatam_Canto_12_chapter_1_5_As_Re_told_by_Disciples.md","314127","9441f126add9a3380c96292262791d9cac9fbe278884e8667bb537b94bdafc74"
"knowledge-base/prabhupada-corpus/books/199_Srimad_Bhagavatam_Canto_12_chapter_11_13_As_Re_told_by_Disciples.md","213133","0f51ea4e25ed91c8f125dc196e8ecf9b207e93208caf42908da03d7df9aa5654"
"knowledge-base/prabhupada-corpus/books/200_Srimad_Bhagavatam_Canto_12_chapter_6_10_As_Re_told_by_Disciples.md","332578","15b220808f56454ae6601b874eba9d6b9fdb72ec603291761de804f86cdbd29d"
"knowledge-base/prabhupada-corpus/books/201_Srimad_Bhagavatam_Canto_2_Chapter_1_5.md","676634","3eabd05602a2cc234bb825a1841d1c4588d4e3caa416dfa3f0466edbf0ddb4ed"
"knowledge-base/prabhupada-corpus/books/202_Srimad_Bhagavatam_Canto_2_Chapter_6_10.md","836918","e54a6ae3892eccea672526fe004fa14b736cd764af8d2db4a8a9c4c7e31141a3"
"knowledge-base/prabhupada-corpus/books/203_Srimad_Bhagavatam_Canto_3_Chapter_1_5.md","560201","76ac557113cbd0106e50e724c070d9e6bf1a56edceb95669ed38d457d0c43895"
"knowledge-base/prabhupada-corpus/books/204_Srimad_Bhagavatam_Canto_3_Chapter_11_15.md","572604","4f709b8b332cd2f04bb75858d873bef97c5bbd210e783bcbab6e524338e4273d"
"knowledge-base/prabhupada-corpus/books/205_Srimad_Bhagavatam_Canto_3_Chapter_16_20.md","404258","c4a56d216c8454b549ee0e9038c9b6035333fe51e01d5684e5e619aef20c578f"
"knowledge-base/prabhupada-corpus/books/206_Srimad_Bhagavatam_Canto_3_Chapter_21_25.md","673450","1f59d7c6d896d5706cca29b8132f5cadc05c85599c78f287746eec16cdfe5ead"
"knowledge-base/prabhupada-corpus/books/207_Srimad_Bhagavatam_Canto_3_Chapter_26_30.md","661660","96caca0a21042ce265f9e4250ad2d885a92bebae4cd3bcf145d79089be431ec7"
"knowledge-base/prabhupada-corpus/books/208_Srimad_Bhagavatam_Canto_3_Chapter_31_33.md","370147","cb6ea0c383034b3f94975ea80d7b4f64eec5ae9b8700037578ecb5a2cec72fff"
"knowledge-base/prabhupada-corpus/books/209_Srimad_Bhagavatam_Canto_3_Chapter_6_10.md","470338","853a08fac07fc7981261c480e2d4ae93a2b6ccdd07a78bc0e58cc237eeccdc7a"
"knowledge-base/prabhupada-corpus/books/210_Srimad_Bhagavatam_Canto_4_chapter_1_5.md","418360","51b711b6e1c330eb1646ea23fe46add7cf016e0ce8af662e8f74e55eb792b530"
"knowledge-base/prabhupada-corpus/books/211_Srimad_Bhagavatam_Canto_4_chapter_11_15.md","490458","28dc188ab8c56ac7259c2112037778a04476bae9550bc4dcd5ae8ba38de65987"
"knowledge-base/prabhupada-corpus/books/212_Srimad_Bhagavatam_Canto_4_chapter_16_20.md","448310","07b52739618a746b0dcc1811ddd3ed780a05d8eb6f4ae8fb930819335865a835"
"knowledge-base/prabhupada-corpus/books/213_Srimad_Bhagavatam_Canto_4_chapter_21_25.md","1039100","95c9797cf658e5ad6182ddaf7ea76c7e2d792e5fe840234d19c7c07b7679a0d8"
"knowledge-base/prabhupada-corpus/books/214_Srimad_Bhagavatam_Canto_4_chapter_26_31.md","974372","e44362ff5445f8207fd9a6d177dc3351a24ed73f0daee32db0a7241d1f1be3a8"
"knowledge-base/prabhupada-corpus/books/215_Srimad_Bhagavatam_Canto_4_chapter_6_10.md","716627","c37b4d8f206615a7e7d46d017e6674d6b6db444fd54e4288073f848fc942d4d0"
"knowledge-base/prabhupada-corpus/books/216_Srimad_Bhagavatam_Canto_5_chapter_1_5.md","473984","81136a7a521a5600bee2e51c9d9994c8708ce6bc96dd2c9f17fdf823eec99449"
"knowledge-base/prabhupada-corpus/books/217_Srimad_Bhagavatam_Canto_5_chapter_11_15.md","388164","950a905ddea2767bc7481af60f97abc0cff3eca5a42aba485f2768eb04aa8c8e"
"knowledge-base/prabhupada-corpus/books/218_Srimad_Bhagavatam_Canto_5_chapter_16_20.md","490101","9f3ea0ceee109898034a55e3a89c284b5c5e6d6e0efa77bbd0af3e18abf32158"
"knowledge-base/prabhupada-corpus/books/219_Srimad_Bhagavatam_Canto_5_chapter_21_26.md","331706","9fe44e30b6a7204a5b290c4b0acfc78590bdc07ab83ffe08059d4f0529f3f174"
"knowledge-base/prabhupada-corpus/books/220_Srimad_Bhagavatam_Canto_5_chapter_6_10.md","311374","3b51d1602ef8e14ca9438b4c2d36d6071a7ff08cbd79b6d96edb4231ac0e0ee0"
"knowledge-base/prabhupada-corpus/books/221_Srimad_Bhagavatam_Canto_6_chapter_1_5.md","705843","b3bc5a8deee391dacada4a1a442224e0b33ff497401128b47e4dfd4acf9b5b00"
"knowledge-base/prabhupada-corpus/books/222_Srimad_Bhagavatam_Canto_6_chapter_11_15.md","330857","488cf08b1d241b774cc0fe0d989fdfed9330e55dada8a1f42f03183c33cf1fcf"
"knowledge-base/prabhupada-corpus/books/223_Srimad_Bhagavatam_Canto_6_chapter_16_19.md","481912","d3285926465f6d7b80d304d4793eaf36a9e3730f104ad6d06d5c78b629711b0e"
"knowledge-base/prabhupada-corpus/books/224_Srimad_Bhagavatam_Canto_6_chapter_6_10.md","386844","12ffc15994895dd6d09309d209ac6fff2770a246ce35f94ca794ffd21e80f722"
"knowledge-base/prabhupada-corpus/books/225_Srimad_Bhagavatam_Canto_7_chapter_1_5.md","653767","a24b603c0a2f79f9724146a0e6fc84086159d72415ab86462e751842d94e20b4"
"knowledge-base/prabhupada-corpus/books/226_Srimad_Bhagavatam_Canto_7_chapter_11_15.md","610921","375758992828bd77d02c107dd1d0c4c15beb589a42f646350ecb7bb7b7210d0f"
"knowledge-base/prabhupada-corpus/books/227_Srimad_Bhagavatam_Canto_7_chapter_6_10.md","744160","46b5f62724a7fe981eea53d9af3deb3166d337d70086799a42fa939f83be4ffa"
"knowledge-base/prabhupada-corpus/books/228_Srimad_Bhagavatam_Canto_8_chapter_1_5.md","421580","66f29ba70af1b59563668625c352577140ed61b254e17a939933cf0b15fa8dc2"
"knowledge-base/prabhupada-corpus/books/229_Srimad_Bhagavatam_Canto_8_chapter_11_15.md","306703","f915f87e62ad4c8a60bae7152d82c726aa1c56d4e2f0c169a6efd06941eda27b"
"knowledge-base/prabhupada-corpus/books/230_Srimad_Bhagavatam_Canto_8_chapter_16_20.md","382100","043e5bc8487174a2023d1c1dd72a69392be59c46d53f11bd4849def3414da293"
"knowledge-base/prabhupada-corpus/books/231_Srimad_Bhagavatam_Canto_8_chapter_21_24.md","309122","2c5dd8332faa949cc78fbafbdcefc39feff9aeabd579be08993552cf73a6bcd6"
"knowledge-base/prabhupada-corpus/books/232_Srimad_Bhagavatam_Canto_8_chapter_6_10.md","368447","c92a677a89517f583190cc65dfa5b45bfa52f56882a12f6af582c7b35862cb29"
"knowledge-base/prabhupada-corpus/books/233_Srimad_Bhagavatam_Canto_9_chapter_1_5.md","360959","37922d7a77bf78daebd2dc389361c7f13fe17912c081895b454827e0e0d61273"
"knowledge-base/prabhupada-corpus/books/234_Srimad_Bhagavatam_Canto_9_chapter_11_15.md","304117","59342c15b4baec7c56da00e77bfba7281b126103bdfcc93d5152ca8511b35a09"
"knowledge-base/prabhupada-corpus/books/235_Srimad_Bhagavatam_Canto_9_chapter_16_20.md","316216","209f1da6f56994a1b17bd3b99932d003203c8e78908ca6212df2a69a247169ba"
"knowledge-base/prabhupada-corpus/books/236_Srimad_Bhagavatam_Canto_9_chapter_21_24.md","277093","47e5e0b9816eec19da038c66e6c9bedcf656eb311b9a9b295c882bb5876471b0"
"knowledge-base/prabhupada-corpus/books/237_Srimad_Bhagavatam_Canto_9_chapter_6_10.md","389803","0f13c1144a3cb0ab2d4ccd3415e481a897fe6978406faf0353cf46433fadd137"
"knowledge-base/prabhupada-corpus/correspondence/SP_Correspondence_001_1947-07-12_to_1955-02-04.md","127291","9826ade4c161778bdded3e582bd3b9cda55f667bad977015ef8f100dd6aa095b"
"knowledge-base/prabhupada-corpus/correspondence/SP_Correspondence_002_1955-09-16_to_1958-08-14.md","130634","073f665b10434e1d129b5b80ef81941f890bf48f51c103f3faec7cb9147d1b0b"
"knowledge-base/prabhupada-corpus/correspondence/SP_Correspondence_003_1958-08-14_to_1965-11-08.md","136212","14d68ce8d83f18f44461578de19ecaad726d297f48bed334c10d3f470c19e1e8"
"knowledge-base/prabhupada-corpus/correspondence/SP_Correspondence_004_1965-11-10_to_1966-05-28.md","130796","7f2df5b3a43bf6c58e90a850b6d871c1044694b755b9aa669b895aeea752f725"
"knowledge-base/prabhupada-corpus/correspondence/SP_Correspondence_005_1966-05-28_to_1967-01-30.md","127960","63850e89808dc719b4aa488429a41330234d0284e87bfd9d575aec0d8d12465a"
"knowledge-base/prabhupada-corpus/correspondence/SP_Correspondence_006_1967-01-30_to_1967-02-28.md","133076","f540327b5d80a3d762e2e94835332030773a668397748aafe06b2ab31972d827"
"knowledge-base/prabhupada-corpus/correspondence/SP_Correspondence_007_1967-03-04_to_1967-04-12.md","131649","a701299668cfce01a18d5d2ca89663070f113b8598f87f0648179425306066bc"
"knowledge-base/prabhupada-corpus/correspondence/SP_Correspondence_008_1967-04-12_to_1967-05-21.md","131402","5b82a23309c6fc1ef2719ac9d2dbf150d230fd05aefb34cccb3f7b7ec23e2330"
"knowledge-base/prabhupada-corpus/correspondence/SP_Correspondence_009_1967-05-21_to_1967-07-22.md","130365","a9e1796131e2c6898006e2f16078d33aff806f023db5ff2afcc450b2e19d3145"
"knowledge-base/prabhupada-corpus/correspondence/SP_Correspondence_010_1967-07-22_to_1967-09-09.md","132413","ffca0680ee10f554afa22d1ba02781c87c86eab4739428a6822115b532757689"
"knowledge-base/prabhupada-corpus/correspondence/SP_Correspondence_011_1967-09-09_to_1967-10-06.md","133749","797df79982ccc1eac6c2852420422d0e92bacb24c9a70ea876bc555878229965"
"knowledge-base/prabhupada-corpus/correspondence/SP_Correspondence_012_1967-10-07_to_1967-10-23.md","128724","444f4bfc99223a5dcb684ad1cb98e1e14c9e789eb3d096716818f310699c0191"
"knowledge-base/prabhupada-corpus/correspondence/SP_Correspondence_013_1967-10-26_to_1967-11-18.md","127065","d10e241a3f52fc5a8edae0c0a18e84687365772a2ca050eda701692566b52efc"
"knowledge-base/prabhupada-corpus/correspondence/SP_Correspondence_014_1967-11-18_to_1967-12-21.md","131682","0c42fcc2c552ee9f89c6f6d15fc5a00e4f65393dd9dbbe2a8ae241423e028dac"
"knowledge-base/prabhupada-corpus/correspondence/SP_Correspondence_015_1967-12-23_to_1968-01-16.md","128751","1fe1935717658417d46eebba00e5a9833eb65aa324a8df90746765ddd599ee07"
"knowledge-base/prabhupada-corpus/correspondence/SP_Correspondence_016_1968-01-16_to_1968-02-01.md","129703","9a1e78538f740b9ff3cf1b3605176f47b25fb189041aee887eea0808fae519bc"
"knowledge-base/prabhupada-corpus/correspondence/SP_Correspondence_017_1968-02-01_to_1968-02-15.md","126628","f736b34ca23ba7d3a6333c8bc6f41de442d3dbe3916766e744b269c13155de12"
"knowledge-base/prabhupada-corpus/correspondence/SP_Correspondence_018_1968-02-15_to_1968-02-25.md","130300","96361dc810f23e612ddfca79e65f21fc28b1469ebb4fea9ce657d4bfbc88212a"
"knowledge-base/prabhupada-corpus/correspondence/SP_Correspondence_019_1968-02-25_to_1968-03-06.md","129692","90b573ef93c4749ce17395078fff87cc94e75b80d55d33752e514923bab9c24a"
"knowledge-base/prabhupada-corpus/correspondence/SP_Correspondence_020_1968-03-07_to_1968-03-29.md","130563","807d6d71735bf7d9a55518b9f11185d36cfdefdba2e4b883b6720d03f680af2d"
"knowledge-base/prabhupada-corpus/correspondence/SP_Correspondence_021_1968-03-30_to_1968-04-29.md","128841","2372dac0d7d534bf3ca58a8cf78d149569ee68a2513130dac0353663bbf5d68a"
"knowledge-base/prabhupada-corpus/correspondence/SP_Correspondence_022_1968-05-03_to_1968-05-30.md","127007","b8eac3d518682da75030eeefb4df15b7a6d6f64f66c1781959a946ac35c8e241"
"knowledge-base/prabhupada-corpus/correspondence/SP_Correspondence_023_1968-05-30_to_1968-06-14.md","129565","57e5ff1ce9acec881cb4f7514af8938e6e06ac84bb907c38dacec7aae2adb46e"
"knowledge-base/prabhupada-corpus/correspondence/SP_Correspondence_024_1968-06-16_to_1968-07-03.md","131494","1d23ca8ab7f1bc9dc75b774f802ef8dbffd165b355a713db559e9711ea864343"
"knowledge-base/prabhupada-corpus/correspondence/SP_Correspondence_025_1968-07-03_to_1968-07-14.md","127985","faeb860de8d323689f203ba7be79560329535431613965d317330cf6a4f64a80"
"knowledge-base/prabhupada-corpus/correspondence/SP_Correspondence_026_1968-07-15_to_1968-08-17.md","129695","08e500dcff8db7b233020ce220296635e0f1e1eaaa93290aea58a1eda73ee839"
"knowledge-base/prabhupada-corpus/correspondence/SP_Correspondence_027_1968-08-19_to_1968-08-24.md","133668","9f27fa71c6ceee821d2fb804bda5f0b7366c50149fd3fde2f63bf0e2abc36bf6"
"knowledge-base/prabhupada-corpus/correspondence/SP_Correspondence_028_1968-08-24_to_1968-09-09.md","132760","85721427bd49889e4340a464219159cc912b63d598cf4385692427ca632270c7"
"knowledge-base/prabhupada-corpus/correspondence/SP_Correspondence_029_1968-09-09_to_1968-09-23.md","129399","2ea2b7bab19bd894d6347ced151f0e999fc928b6d4584f13fc74510ecfb43646"
"knowledge-base/prabhupada-corpus/correspondence/SP_Correspondence_030_1968-09-26_to_1968-10-06.md","129302","8000b5ea0cd22278e0e5f5968059bc3037ca2be32dcf92e1d9a8a231dc48b877"
"knowledge-base/prabhupada-corpus/correspondence/SP_Correspondence_031_1968-10-07_to_1968-10-16.md","126831","17855f8c2d1535f4088ba542cc298a5abd93a2e09a3fa9e00c394a71860a90b7"
"knowledge-base/prabhupada-corpus/correspondence/SP_Correspondence_032_1968-10-16_to_1968-11-01.md","131253","e08006a4c30ebcaab58e8a00e306fac0beea81755561f0dfc0a12d658280b78a"
"knowledge-base/prabhupada-corpus/correspondence/SP_Correspondence_033_1968-11-02_to_1968-11-14.md","135800","9394311968bf2ca3707b67f471d7bcad92d65f92bac99e1bb4d212dfdf0bd7dd"
"knowledge-base/prabhupada-corpus/correspondence/SP_Correspondence_034_1968-11-14_to_1968-11-23.md","126467","ac9646f02b4e6505b21c6bfb90a56d2d2c693d0633bcb44defd5d19117e0b4c1"
"knowledge-base/prabhupada-corpus/correspondence/SP_Correspondence_035_1968-11-23_to_1968-12-05.md","130261","26ff0f53358a6a1de821021488666b53055aab76a18cfcbb216a7c6b0eddc98a"
"knowledge-base/prabhupada-corpus/correspondence/SP_Correspondence_036_1968-12-05_to_1968-12-17.md","128592","1a1bd54d26b11371eac72678355c0cecee13b300b183cc9271e1791486aac697"
"knowledge-base/prabhupada-corpus/correspondence/SP_Correspondence_037_1968-12-17_to_1968-12-29.md","129518","22168fb925d999da9afbd2726690ea09e32e494518755dd615fe9185c9db59d5"
"knowledge-base/prabhupada-corpus/correspondence/SP_Correspondence_038_1968-12-29_to_1969-01-15.md","127936","6702bb46b6b051764a14c6932718ac320a4cb8a5c92ea68230c9097bf9ccdded"
"knowledge-base/prabhupada-corpus/correspondence/SP_Correspondence_039_1969-01-15_to_1969-01-21.md","129763","787705b091f017c37a351d8bacdb7a69651a5ffbb9a2db09931d0b720ba367a7"
"knowledge-base/prabhupada-corpus/correspondence/SP_Correspondence_040_1969-01-21_to_1969-01-28.md","132224","d677a954409db6a56c32b82e5a79030f04aa9e76323a83f786771d3e5f58f400"
"knowledge-base/prabhupada-corpus/correspondence/SP_Correspondence_041_1969-01-30_to_1969-02-06.md","130360","209433fb1ed43d9f99330df44cac46412e63923b899df9239ade0c470beb743d"
"knowledge-base/prabhupada-corpus/correspondence/SP_Correspondence_042_1969-02-07_to_1969-02-13.md","129973","539dda354ca153d1257db15d5a9716607bb210deb2d60e5349a3ff9bc0d97233"
"knowledge-base/prabhupada-corpus/correspondence/SP_Correspondence_043_1969-02-13_to_1969-02-20.md","130915","ecf0ab107b8e9be0a3c45ce637387a59f4f3a894b46f778fac0722c40e0ef609"
"knowledge-base/prabhupada-corpus/correspondence/SP_Correspondence_044_1969-02-21_to_1969-03-08.md","129954","421e527b47999980441aa2855f2fa2e7d8ea637da4145a288b3cade4513c0b9e"
"knowledge-base/prabhupada-corpus/correspondence/SP_Correspondence_045_1969-03-09_to_1969-03-18.md","129376","ca242588ec111906ea9758a6b4c859a1bc04a6f6f9c7e53749c4fadef0b2740c"
"knowledge-base/prabhupada-corpus/correspondence/SP_Correspondence_046_1969-03-18_to_1969-03-24.md","126584","5938c27c37a8c6c29d533860d2ca2b0e41496e5502a658e0ca9a9cc0bf19d007"
"knowledge-base/prabhupada-corpus/correspondence/SP_Correspondence_047_1969-03-26_to_1969-04-16.md","128636","dd5d6a8aaa943e4ae88362549566f4454b9bd998392e1abbb0fb13788f8b26dc"
"knowledge-base/prabhupada-corpus/correspondence/SP_Correspondence_048_1969-04-16_to_1969-04-30.md","128673","98bcd51f48853c052e5fe3605cf43bedaeee7f4556b29957afed6421dc226190"
"knowledge-base/prabhupada-corpus/correspondence/SP_Correspondence_049_1969-05-01_to_1969-05-14.md","129982","d97fbce6c5415b691d79043c1a107d76e388d8be4a11beb738a8f00ac3265994"
"knowledge-base/prabhupada-corpus/correspondence/SP_Correspondence_050_1969-05-14_to_1969-05-25.md","129024","769acb54a76c1bbef0f4344d2d22c235af1cfc021bb735097f44a685c7334c34"
"knowledge-base/prabhupada-corpus/correspondence/SP_Correspondence_051_1969-05-26_to_1969-06-02.md","129591","c56cc130507fce46fcaba80a2884cf1add2095a4b98775e09c7dcda269cc08a6"
"knowledge-base/prabhupada-corpus/correspondence/SP_Correspondence_052_1969-06-02_to_1969-06-12.md","126524","0adff700a389998e67ee49028c540c687f3e83a0b7a903f7bb89624f2ec68e16"
"knowledge-base/prabhupada-corpus/correspondence/SP_Correspondence_053_1969-06-12_to_1969-06-17.md","127955","169bf8b922576db61786babf460fc740d35784281eba363e200ba01f4bae517c"
"knowledge-base/prabhupada-corpus/correspondence/SP_Correspondence_054_1969-06-20_to_1969-07-02.md","126443","7162b49b791fdb9764edb9a870fb16209fac78995452c9e363abc7c024decdf0"
"knowledge-base/prabhupada-corpus/correspondence/SP_Correspondence_055_1969-07-02_to_1969-07-10.md","130910","1d0aef038d9d9e3c98db03dbc60c51b8172ab86a93a27e4e77e900147bd6c506"
"knowledge-base/prabhupada-corpus/correspondence/SP_Correspondence_056_1969-07-10_to_1969-07-17.md","130383","af5d9ef39f4d8188bd8ea3c55412bb21705f1b54b00639bf2dcb1b0ea1286a88"
"knowledge-base/prabhupada-corpus/correspondence/SP_Correspondence_057_1969-07-17_to_1969-07-29.md","129632","5c5eaf4088aad9caf2fca8d148f66833becc60e7007d71c5ada1a36277743df7"
"knowledge-base/prabhupada-corpus/correspondence/SP_Correspondence_058_1969-07-30_to_1969-08-07.md","126897","1021298162ec8158f77388589ac7d1e7d2a91646264ae7ea28ebf02a546e0b9b"
"knowledge-base/prabhupada-corpus/correspondence/SP_Correspondence_059_1969-08-08_to_1969-08-19.md","129411","bb8a97bb32ea8469146bb1b5ef04c0435cb4044c8b09f5e65c7cf9752e7b1696"
"knowledge-base/prabhupada-corpus/correspondence/SP_Correspondence_060_1969-08-21_to_1969-09-07.md","126276","888f10e23998c2876b842fdbf7f3457ed45df4b2dbf245a354aa1a09355b60f8"
"knowledge-base/prabhupada-corpus/correspondence/SP_Correspondence_061_1969-09-07_to_1969-09-19.md","127058","90d73b927f6b909148f0f451c5a1f7c13d9bc414b116322b6f0c2bc5530eefe2"
"knowledge-base/prabhupada-corpus/correspondence/SP_Correspondence_062_1969-09-19_to_1969-10-01.md","127840","f79e1b336b984a4fda920ddf96b8554a343902fe495960dd0a39412b607bd6aa"
"knowledge-base/prabhupada-corpus/correspondence/SP_Correspondence_063_1969-10-03_to_1969-10-18.md","129746","bdadf90f6f0637de4711ed2ea937c97e1072bca05a4b01f7f60597625212b259"
"knowledge-base/prabhupada-corpus/correspondence/SP_Correspondence_064_1969-10-18_to_1969-10-31.md","127849","0e06269e416992281cd3401905f17c7c4c60777a7ebdee49d2fa01cf35141119"
"knowledge-base/prabhupada-corpus/correspondence/SP_Correspondence_065_1969-11-02_to_1969-11-13.md","126570","74cefe0760ef90625322123652b113370bd2a9302fdc6e0d526ea8c4f890b68e"
"knowledge-base/prabhupada-corpus/correspondence/SP_Correspondence_066_1969-11-13_to_1969-11-24.md","126814","28437d2ba5a261ddce67c352edaca567d86c6e19a94f640263484222d999bff3"
"knowledge-base/prabhupada-corpus/correspondence/SP_Correspondence_067_1969-11-25_to_1969-12-08.md","128504","4f23863a11401ab3b97e1d4540af37002f7f713e87c2407cd453d44ca9a55203"
"knowledge-base/prabhupada-corpus/correspondence/SP_Correspondence_068_1969-12-08_to_1970-01-08.md","127497","c659f3c3decd1e19004af36587415014b26d0a24b1a37fef63a9abc93179daf8"
"knowledge-base/prabhupada-corpus/correspondence/SP_Correspondence_069_1970-01-08_to_1970-01-16.md","132489","90ba2a484f0ba60b881369054614a1231da43a1d75def059860e2262303a249b"
"knowledge-base/prabhupada-corpus/correspondence/SP_Correspondence_070_1970-01-16_to_1970-01-26.md","128908","8dad7c1ba0a0ce43da0f4a113c8fb3cda82a0ece292098705d2f17a005a9cb23"
"knowledge-base/prabhupada-corpus/correspondence/SP_Correspondence_071_1970-01-26_to_1970-02-03.md","126776","6585dd099283a03922f10b80cb4492f47cb487cde5320a91a4a85943fc2dccaf"
"knowledge-base/prabhupada-corpus/correspondence/SP_Correspondence_072_1970-02-04_to_1970-02-11.md","131071","549d48942548f4fcd5b9c3534390ade22a48094a656a01c3c26ec3ec2bf26d23"
"knowledge-base/prabhupada-corpus/correspondence/SP_Correspondence_073_1970-02-12_to_1970-02-21.md","130674","b26694f5be305c552cfe54fa7a1414540e9ca544c51424bccb6d8a27fef90612"
"knowledge-base/prabhupada-corpus/correspondence/SP_Correspondence_074_1970-02-21_to_1970-02-28.md","128515","79f8c82b0c82f38e23909ce18f171ee16645b09edc1ea574d30d7599d6295b33"
"knowledge-base/prabhupada-corpus/correspondence/SP_Correspondence_075_1970-03-02_to_1970-03-12.md","130378","b7249ea4d5901179a3e4073b1136e4ad96d6ba2d15ff6c56aacbaf540904e493"
"knowledge-base/prabhupada-corpus/correspondence/SP_Correspondence_076_1970-03-12_to_1970-03-19.md","126003","2cb9bfbd35cbff1c5ae92ef2b479d19c85870cdc292d7fed2bb2d20ef8e0d46e"
"knowledge-base/prabhupada-corpus/correspondence/SP_Correspondence_077_1970-03-19_to_1970-04-01.md","128365","6491d05de064042423405c8cff4dc9053236578c814efa9157b2b8096baaae92"
"knowledge-base/prabhupada-corpus/correspondence/SP_Correspondence_078_1970-04-01_to_1970-04-14.md","130493","ccd935ca2aaa5349d3fbcb57e094cdc3ecbb315a23971263b10afc072f4fed2a"
"knowledge-base/prabhupada-corpus/correspondence/SP_Correspondence_079_1970-04-14_to_1970-04-21.md","128761","be3298a4643756697367f6b30deba32bba36bc6c698aa6d623e1560f6b1f64d1"
"knowledge-base/prabhupada-corpus/correspondence/SP_Correspondence_080_1970-04-21_to_1970-04-30.md","127297","33a5708a9430bd83255eb463ed24d6ee85727a9985e6db64c2dd5130f8457567"
"knowledge-base/prabhupada-corpus/correspondence/SP_Correspondence_081_1970-05-01_to_1970-05-15.md","130927","efa3576c9bce80af0379bad14b54ab4807dd4588ecdfd2a8c1a0199ec692bc9d"
"knowledge-base/prabhupada-corpus/correspondence/SP_Correspondence_082_1970-05-16_to_1970-06-02.md","128552","8e164b6eae857585f06fef4e1c1a922048040cfaef356c3b3fb495d7315d7aca"
"knowledge-base/prabhupada-corpus/correspondence/SP_Correspondence_083_1970-06-02_to_1970-06-14.md","126608","ebec23ca082d2ed7823fc4dfbbd50b6b31b08aed24411a85f91df00a5dcd4814"
"knowledge-base/prabhupada-corpus/correspondence/SP_Correspondence_084_1970-06-15_to_1970-06-25.md","128346","19cd4ad7b89d617d01638b9b65f67798aa485ece357f596c9a716b21d999e0b4"
"knowledge-base/prabhupada-corpus/correspondence/SP_Correspondence_085_1970-06-25_to_1970-07-08.md","127330","cae3e1f7a1bfca6c446cbf32c20124f492a7f919455408f96863200b76ae27c2"
"knowledge-base/prabhupada-corpus/correspondence/SP_Correspondence_086_1970-07-09_to_1970-07-17.md","126178","1ac2bad782fb436bd4afb70cf54b634b56587f42d0c7aece9b80550bdd158344"
"knowledge-base/prabhupada-corpus/correspondence/SP_Correspondence_087_1970-07-18_to_1970-07-31.md","128663","bc1f3e3ef5c2a6c9d0f887e92e4d50e8925a3ec67ce614b96a0dd013c0646025"
"knowledge-base/prabhupada-corpus/correspondence/SP_Correspondence_088_1970-07-31_to_1970-08-17.md","127553","975bcf4cf3e4007273192c5cdd25b14acb957f53d5632215d5fcb4d6797c3af4"
"knowledge-base/prabhupada-corpus/correspondence/SP_Correspondence_089_1970-08-17_to_1970-09-14.md","128807","c51b310097a30c8868eae9225364d58be0078e3e195e9e6e0c7cc9a5f87643cc"
"knowledge-base/prabhupada-corpus/correspondence/SP_Correspondence_090_1970-09-16_to_1970-09-29.md","127288","5bbb4ab615f547ebfa6204845286a0a2eb262bb0642e7821839bf2eec829fd12"
"knowledge-base/prabhupada-corpus/correspondence/SP_Correspondence_091_1970-10-03_to_1970-11-04.md","128201","95c657a043cd4b7053fdf5aac94b085e1773c64aecc85c7f8e1f599c62beb391"
"knowledge-base/prabhupada-corpus/correspondence/SP_Correspondence_092_1970-11-04_to_1970-11-14.md","131413","669d195c59ebf2681bb881fc1b585e113efdb7d8b6af8efe5b7499cb8dee7856"
"knowledge-base/prabhupada-corpus/correspondence/SP_Correspondence_093_1970-11-15_to_1970-11-25.md","131888","b04c48c8816118047d45281fdbb8ede89a21a79c9b7dd97bbd4535dbd3e30e9c"
"knowledge-base/prabhupada-corpus/correspondence/SP_Correspondence_094_1970-11-25_to_1970-12-18.md","131488","64d6221313861583821521f043eea59f97cfdc05dc88b15f7a369c4dab9a12e1"
"knowledge-base/prabhupada-corpus/correspondence/SP_Correspondence_095_1970-12-18_to_1971-01-04.md","125761","8fc32502a92c36eee1c4950609f175b1ba35a5c86c589db222900cab0bf6dfcb"
"knowledge-base/prabhupada-corpus/correspondence/SP_Correspondence_096_1971-01-04_to_1971-01-21.md","130355","cd6feda6c1570873f93acd6483fe832858e9f6f25c99be11f89d45e8980b5866"
"knowledge-base/prabhupada-corpus/correspondence/SP_Correspondence_097_1971-01-21_to_1971-02-15.md","130277","25a2cd8dd169b24e1fdc71cee652265aba6db5f8400e046845f0aff657cdd083"
"knowledge-base/prabhupada-corpus/correspondence/SP_Correspondence_098_1971-02-15_to_1971-03-05.md","128896","2c943a5ad3047a9321fa55ad43aa968bcf9ab23a66eb1f2d4641d1c213a8e795"
"knowledge-base/prabhupada-corpus/correspondence/SP_Correspondence_099_1971-03-05_to_1971-03-25.md","128731","fa85224433fc31846caf29ab59f4ea258e9ec7f05f2393d7e4a26555cd501d3a"
"knowledge-base/prabhupada-corpus/correspondence/SP_Correspondence_100_1971-03-25_to_1971-04-09.md","133184","3c5cee285730cf14920186c5f3e429b68f644689b10aa42cc71583894b8ea2da"
"knowledge-base/prabhupada-corpus/correspondence/SP_Correspondence_101_1971-04-09_to_1971-04-19.md","126236","073ef0cfdc33a793dbdeb1850c1567069b1978b0868cf2c1da53ef79c40a527a"
"knowledge-base/prabhupada-corpus/correspondence/SP_Correspondence_102_1971-04-20_to_1971-04-30.md","125595","e2a3ef5d2a50e9b3d6221e99eb0f219be6d9ecf482e61d6c02f7baa0c8546d8b"
"knowledge-base/prabhupada-corpus/correspondence/SP_Correspondence_103_1971-04-30_to_1971-05-28.md","133026","6d0fd5e3ee2de5a08194c23e86f47a07605d0990f05f57be3ad79fc782c971e1"
"knowledge-base/prabhupada-corpus/correspondence/SP_Correspondence_104_1971-05-29_to_1971-06-17.md","127069","2ba6be3ec604ecc526e3d8cf82b9db5278da8bb613a2d58f146539ddf2d84e94"
"knowledge-base/prabhupada-corpus/correspondence/SP_Correspondence_105_1971-06-17_to_1971-07-05.md","127689","b0cfde3492746271946d2f6e1866456462e5569a4fb8a3b974b1d0523968d393"
"knowledge-base/prabhupada-corpus/correspondence/SP_Correspondence_106_1971-07-05_to_1971-07-13.md","127150","f3b104a2cc5339a693383936b6c6e69001f43d2bd6df7dfdce3e2d439aafb367"
"knowledge-base/prabhupada-corpus/correspondence/SP_Correspondence_107_1971-07-14_to_1971-08-04.md","129888","b58128b5011b9560cae604cec131cc80af7efc4038432639f1daa6ee170ea151"
"knowledge-base/prabhupada-corpus/correspondence/SP_Correspondence_108_1971-08-04_to_1971-08-14.md","126954","0fc6136e8c9433bab865b1f4313b3ee3a0e91bfc4b4d861bb9e3103d0f704cec"
"knowledge-base/prabhupada-corpus/correspondence/SP_Correspondence_109_1971-08-14_to_1971-08-17.md","125842","931ce4a4242a3b3c9fabd3192d5c090abdcc8c95a9260a6c66a8e0de3baa2e5f"
"knowledge-base/prabhupada-corpus/correspondence/SP_Correspondence_110_1971-08-17_to_1971-08-24.md","129492","876352df77657a2e08c312de81d4e30dcadaa452cc1ed9c080bc47e5a94bca2b"
"knowledge-base/prabhupada-corpus/correspondence/SP_Correspondence_111_1971-08-25_to_1971-09-06.md","127225","f92869b52f357c14d988272806039071560cd937705394b519e8edd8159e508d"
"knowledge-base/prabhupada-corpus/correspondence/SP_Correspondence_112_1971-09-06_to_1971-09-26.md","126149","e7957bc0e5545af8a82953c3b14e513e0e2cd584403fb2f852bb9dafca306143"
"knowledge-base/prabhupada-corpus/correspondence/SP_Correspondence_113_1971-09-26_to_1971-10-13.md","126835","809024de8ef698168a7de90d5e777defdfb13f6531e33402fcad932f9475a10e"
"knowledge-base/prabhupada-corpus/correspondence/SP_Correspondence_114_1971-10-14_to_1971-11-16.md","125600","1b0ba3e4259e2c003b747cf68dbfa933b3bcd715031f4beccf5e4bd2b6607a31"
"knowledge-base/prabhupada-corpus/correspondence/SP_Correspondence_115_1971-11-17_to_1971-11-27.md","129537","0978303229a9f9bdfc3331449ec498ad9a342fa5a94a1b448b0e9116e37c9c42"
"knowledge-base/prabhupada-corpus/correspondence/SP_Correspondence_116_1971-11-27_to_1971-12-09.md","127292","83fe945140ea9ac6d8b281340b1f9cd3e8611f0d37cab9277400c9de29ab7310"
"knowledge-base/prabhupada-corpus/correspondence/SP_Correspondence_117_1971-12-10_to_1971-12-22.md","129583","d0e4ae5dbff21b3f10f355fef8a7cc922763ca83c91091f5d9c9521123a4fc74"
"knowledge-base/prabhupada-corpus/correspondence/SP_Correspondence_118_1971-12-25_to_1972-01-01.md","128400","8f5e82a234b4a322fe6167a003a3945a25e5ca794a52298d230aa23555bb5ccb"
"knowledge-base/prabhupada-corpus/correspondence/SP_Correspondence_119_1972-01-01_to_1972-01-06.md","128672","dfa86a33969b6fc992e60e9c903cd824d7d25788c2818331bb4b228a9dd4680d"
"knowledge-base/prabhupada-corpus/correspondence/SP_Correspondence_120_1972-01-06_to_1972-01-20.md","127903","9e87e8a609809089f225263d3daf1f129e665ecb599e38e8bbd4b8227031e39c"
"knowledge-base/prabhupada-corpus/correspondence/SP_Correspondence_121_1972-01-20_to_1972-02-05.md","127900","11970b2c262ceb1a81c76d7b2bf188b7cd86d702a65a41beb5d6cca47384967d"
"knowledge-base/prabhupada-corpus/correspondence/SP_Correspondence_122_1972-02-05_to_1972-02-19.md","128974","19351853f84e56dd416f150a66b14f3080f8046f934343e35e15d387ab607a5f"
"knowledge-base/prabhupada-corpus/correspondence/SP_Correspondence_123_1972-02-20_to_1972-02-28.md","129942","f60cf2c59c3fa21fdd000103ba1490fc9a2d67be857e8af8bda79c5a3e53790d"
"knowledge-base/prabhupada-corpus/correspondence/SP_Correspondence_124_1972-03-01_to_1972-03-27.md","129824","65d49e516d1f84822300b17899b644f57ce4d8c5c134e1e881197a2d98d86183"
"knowledge-base/prabhupada-corpus/correspondence/SP_Correspondence_125_1972-04-02_to_1972-04-12.md","127658","8c75a9274192a4cc3ef3822c6b009263e6c4d6ad74cc83ed01ff7e77c876b991"
"knowledge-base/prabhupada-corpus/correspondence/SP_Correspondence_126_1972-04-12_to_1972-04-25.md","125282","02de9c8016e3909a75677dfa193f6e981c79d3c259295dcfc5abd5d738b11e2e"
"knowledge-base/prabhupada-corpus/correspondence/SP_Correspondence_127_1972-04-25_to_1972-05-05.md","125735","0e107d91cfe56351efef91991fb9db24c296bb749ca3d9e1818ec7e5ed59711c"
"knowledge-base/prabhupada-corpus/correspondence/SP_Correspondence_128_1972-05-05_to_1972-05-14.md","125573","5ca5054352690bffc78353e55d575195fdce63ab38c382e3f927655737d72281"
"knowledge-base/prabhupada-corpus/correspondence/SP_Correspondence_129_1972-05-14_to_1972-05-23.md","126252","9a20f7d36a143abf677fe0ad193f62b8640e0d48a57cc8cb2392d9bc6c4e2ae2"
"knowledge-base/prabhupada-corpus/correspondence/SP_Correspondence_130_1972-05-23_to_1972-06-01.md","126664","411e1637eb17b4b1ae30be5c9f6e423092042347c962c20b4ce6423f66eebb4a"
"knowledge-base/prabhupada-corpus/correspondence/SP_Correspondence_131_1972-06-01_to_1972-06-15.md","126407","da6c47e9d6e3ea3b0981611d6be46dfb4876560dfcf3602fcd408c09db543c2e"
"knowledge-base/prabhupada-corpus/correspondence/SP_Correspondence_132_1972-06-16_to_1972-06-28.md","126495","c2ede12d96f6916ff46e2738b313b2c47f1177e6c9c6fb4d78557284376c6ed8"
"knowledge-base/prabhupada-corpus/correspondence/SP_Correspondence_133_1972-06-28_to_1972-07-14.md","125492","2ed8745b2a1a2e7877cd55de952b68f687fc656055549e1a9a3850a9a98f467f"
"knowledge-base/prabhupada-corpus/correspondence/SP_Correspondence_134_1972-07-14_to_1972-07-29.md","125841","25b58ce57380c36318f7e50128cf83576a7092fed3d838cfdd8817ae58593cb1"
"knowledge-base/prabhupada-corpus/correspondence/SP_Correspondence_135_1972-07-29_to_1972-08-06.md","127206","67e0637b4df8135d487b2cfe88377ae464bc10e21e4ca9df2167fcf0407c47d5"
"knowledge-base/prabhupada-corpus/correspondence/SP_Correspondence_136_1972-08-06_to_1972-08-23.md","129410","78d50f7a2cb9e1782a596ec4986acba8298e500db9aa20bf112b5bee89ec0c71"
"knowledge-base/prabhupada-corpus/correspondence/SP_Correspondence_137_1972-08-24_to_1972-09-09.md","126309","1efc968d3677d7a1b7a2944f890d7dd4ce53150690c204b9b5bc6df387fa0e68"
"knowledge-base/prabhupada-corpus/correspondence/SP_Correspondence_138_1972-09-09_to_1972-09-18.md","126494","ebde0080a02a640470030c63c22e5176cafa8ea320d925a1ac1cb3b08650b0f5"
"knowledge-base/prabhupada-corpus/correspondence/SP_Correspondence_139_1972-09-18_to_1972-10-02.md","125354","3e31b41ae88ef08b3b7301568025b168a521ba9e762a2fd14fe26d51a1813ca7"
"knowledge-base/prabhupada-corpus/correspondence/SP_Correspondence_140_1972-10-04_to_1972-10-26.md","127150","9b647ea8291dd52a5513bb177a2e440f0c53f4deaae38a37e77bc4b31f6d0901"
"knowledge-base/prabhupada-corpus/correspondence/SP_Correspondence_141_1972-10-26_to_1972-11-11.md","128976","4fa323ef240d427b88fba9c82144cd447399ae16f5d870c0e5bd9035e3b19637"
"knowledge-base/prabhupada-corpus/correspondence/SP_Correspondence_142_1972-11-18_to_1972-12-11.md","127506","f8eb9ba28ba6bc30e82239594ab6676f72fbe2c312e5c4be1242cb95ed804d71"
"knowledge-base/prabhupada-corpus/correspondence/SP_Correspondence_143_1972-12-13_to_1972-12-21.md","126017","55d899a8985946980688d3357983f0a3ea4349df5ee67117208fc2bbe791e82b"
"knowledge-base/prabhupada-corpus/correspondence/SP_Correspondence_144_1972-12-21_to_1972-12-29.md","125714","d8bf0da113af9c05a5796a2afa4c950be0e1df6037e1099197a229a4e766e946"
"knowledge-base/prabhupada-corpus/correspondence/SP_Correspondence_145_1972-12-29_to_1973-01-04.md","124921","595020d85882021fae8fb7ba22d0ade6e00abcdc143f0e31b7056d7771743574"
"knowledge-base/prabhupada-corpus/correspondence/SP_Correspondence_146_1973-01-04_to_1973-01-09.md","125256","f942656fa8d9837267f7034815b8445f875bc65e450fa197ada72d5cd7b4c6e7"
"knowledge-base/prabhupada-corpus/correspondence/SP_Correspondence_147_1973-01-20_to_1973-02-10.md","129392","dfb0b9d06b00410f4c51917f862dc82164137dbc11c540099233c4b8725106ea"
"knowledge-base/prabhupada-corpus/correspondence/SP_Correspondence_148_1973-02-10_to_1973-03-04.md","126870","b260fa6f56898e59df79535f0195a23ca038f43554ba704d9d3db986725f4070"
"knowledge-base/prabhupada-corpus/correspondence/SP_Correspondence_149_1973-03-04_to_1973-04-03.md","127927","20eb700a199d06b728d71f887042cde0d14cbeded8f26a58633655a16fa602e1"
"knowledge-base/prabhupada-corpus/correspondence/SP_Correspondence_150_1973-04-07_to_1973-04-25.md","125864","e48d6f88638296cc0a8138cfe304fe2d5e7da5e8cde781b2276baa2cf08cf6c2"
"knowledge-base/prabhupada-corpus/correspondence/SP_Correspondence_151_1973-04-25_to_1973-05-10.md","126930","68997ad8a2c28b7d3ecda4762199ad0585a9c8bba3bca32e9b350302e5f7bc6d"
"knowledge-base/prabhupada-corpus/correspondence/SP_Correspondence_152_1973-05-10_to_1973-06-08.md","125888","e45e5eb4354dcf68ddf1b2417902c05281e04d9a8fa06d365644471cbefded2a"
"knowledge-base/prabhupada-corpus/correspondence/SP_Correspondence_153_1973-06-12_to_1973-07-17.md","127172","0023c3fad62b22e36b1454b438d0d7d29fcac4a735dae0aff99a12a873c5525d"
"knowledge-base/prabhupada-corpus/correspondence/SP_Correspondence_154_1973-07-17_to_1973-07-28.md","132714","a81b3493f0d316037659e785b4b54d2b11d6afbea972834ecd781490353c8527"
"knowledge-base/prabhupada-corpus/correspondence/SP_Correspondence_155_1973-07-28_to_1973-08-17.md","125632","d0c34651842c4d0c2b3064a9ce9ffd0296709e7e1231fdb56ce1a06b88cbd7f1"
"knowledge-base/prabhupada-corpus/correspondence/SP_Correspondence_156_1973-08-17_to_1973-09-27.md","128216","3256d6880db452cac8ca7b16a289ed6908f776358c2e6b92e8db778b8d6478c6"
"knowledge-base/prabhupada-corpus/correspondence/SP_Correspondence_157_1973-09-27_to_1973-10-14.md","124647","875e213c6f295c1001f020b57f9b11dd0daa6bcead772e30f71607125266bfdc"
"knowledge-base/prabhupada-corpus/correspondence/SP_Correspondence_158_1973-10-15_to_1973-11-06.md","127522","5fcb4b40283929a494bb2098528bedaa9bf3940603960b6a9d281f61e31dbc8e"
"knowledge-base/prabhupada-corpus/correspondence/SP_Correspondence_159_1973-11-07_to_1973-12-01.md","127012","757ebedd73181f012668334c63cd6333e1f0155edc1205fb575a138fb197765a"
"knowledge-base/prabhupada-corpus/correspondence/SP_Correspondence_160_1973-12-01_to_1973-12-13.md","129800","8ea113959166d84bc8f332d8bdf0ad44f425ea88b03ba140726e6629e6aefe24"
"knowledge-base/prabhupada-corpus/correspondence/SP_Correspondence_161_1973-12-15_to_1974-01-05.md","128236","4beccfc953503304c4b2de709eb0a77a3979f9703548f6c45ad8765a98051a68"
"knowledge-base/prabhupada-corpus/correspondence/SP_Correspondence_162_1974-01-05_to_1974-01-22.md","126830","22fa056a61649c82aa6fa2150ff141c169b4a0b482ed575daa4fe6b14af0669d"
"knowledge-base/prabhupada-corpus/correspondence/SP_Correspondence_163_1974-01-23_to_1974-03-06.md","127569","6bb87f8f8e3515923d242068772b892e8b0a0a58b3b915817f9181cb09d23294"
"knowledge-base/prabhupada-corpus/correspondence/SP_Correspondence_164_1974-03-07_to_1974-03-25.md","126740","70478c9e3ceca56eccd68e5476dbd407d81d4befcc3f958f8354a3390e90d75a"
"knowledge-base/prabhupada-corpus/correspondence/SP_Correspondence_165_1974-03-26_to_1974-04-07.md","126996","ec55479e1df100ebe702367ed8db204722b171d53a6f8a0845be471e98a3bb44"
"knowledge-base/prabhupada-corpus/correspondence/SP_Correspondence_166_1974-04-08_to_1974-04-24.md","128008","bd31562f2a57d68903c7f43c005752d62da61c41453b68652f68ac8cd590856e"
"knowledge-base/prabhupada-corpus/correspondence/SP_Correspondence_167_1974-04-24_to_1974-05-03.md","125979","b0e4ee122bca4757a4de7237f9d92092efa54c0538895e9428bca1422b5edfee"
"knowledge-base/prabhupada-corpus/correspondence/SP_Correspondence_168_1974-05-03_to_1974-05-16.md","132504","74ffdf5266a515754cc50c63cce703c9e9245b418f14d400d592c87e9277d2e3"
"knowledge-base/prabhupada-corpus/correspondence/SP_Correspondence_169_1974-05-16_to_1974-06-08.md","127279","353d9dba916a551df605c3215b968c42faf2f3bebcd49e3d0c248c12979e7430"
"knowledge-base/prabhupada-corpus/correspondence/SP_Correspondence_170_1974-06-08_to_1974-06-30.md","126959","d28974c9a97021a5cced07c7bed94ee1781e1db850aa5473cd361d1a7d69d609"
"knowledge-base/prabhupada-corpus/correspondence/SP_Correspondence_171_1974-07-01_to_1974-07-26.md","127370","4acca0d07b2cf558db8926412cb962b4dfc6d40275aa821dd43a21f1d93b4f39"
"knowledge-base/prabhupada-corpus/correspondence/SP_Correspondence_172_1974-07-26_to_1974-08-16.md","126978","ece5ccf99af4967c10c0aea309919eacde742bd95d2690f0225be8c498dfa75e"
"knowledge-base/prabhupada-corpus/correspondence/SP_Correspondence_173_1974-08-16_to_1974-08-21.md","128017","fd4173006aeb9745eeb7f87461f1f1b7c1b67deeae068e041f27c1309890764d"
"knowledge-base/prabhupada-corpus/correspondence/SP_Correspondence_174_1974-08-30_to_1974-09-07.md","125756","5733ae179e34d80c1756255e13e0677ed0c98868828af1d2b9bf32b3d4eca3c4"
"knowledge-base/prabhupada-corpus/correspondence/SP_Correspondence_175_1974-09-07_to_1974-09-15.md","128898","939c2376a11e83e30a49035c9f990714104e0970dddb9a5e836ca570b535fc06"
"knowledge-base/prabhupada-corpus/correspondence/SP_Correspondence_176_1974-09-16_to_1974-09-26.md","127220","26e085dba7701f0de34b4d781ef97a88c548b8f3f464418a4e3330e576f2fe14"
"knowledge-base/prabhupada-corpus/correspondence/SP_Correspondence_177_1974-09-29_to_1974-10-07.md","124094","fc5d94fef44d39e0e36dbd62ffcbfded266e3eef00862d680418a08ea19285dc"
"knowledge-base/prabhupada-corpus/correspondence/SP_Correspondence_178_1974-10-08_to_1974-10-16.md","126469","1354e94b24b2dc73d8b38313e96ac9a5f4bbe951b08e52a70e09e9569d170f30"
"knowledge-base/prabhupada-corpus/correspondence/SP_Correspondence_179_1974-10-16_to_1974-10-25.md","136713","de48a4f94782315425dd433bf5ee274cbcce616e124504bb66795334dfc4ea97"
"knowledge-base/prabhupada-corpus/correspondence/SP_Correspondence_180_1974-10-25_to_1974-11-07.md","126765","20b2419855682b6b8c3f980dbc1553dfa5cda50831e0c016e140501aaf246086"
"knowledge-base/prabhupada-corpus/correspondence/SP_Correspondence_181_1974-11-08_to_1974-11-17.md","126865","3360d3ef769dca23bab5731c1e23abe575bd0e785926eab0521bfc63d1f96711"
"knowledge-base/prabhupada-corpus/correspondence/SP_Correspondence_182_1974-11-17_to_1974-11-22.md","125841","8a30c17f459223888f3dc8725696d0bf87ca7984605471aa4194e67dd9e9716f"
"knowledge-base/prabhupada-corpus/correspondence/SP_Correspondence_183_1974-11-22_to_1974-12-02.md","124974","a599631cb8b74551f3adcb81494c1dea3c16464f87022e247a90a2d6a9bfcc43"
"knowledge-base/prabhupada-corpus/correspondence/SP_Correspondence_184_1974-12-02_to_1974-12-10.md","123772","82c18b2b3fc05c73bb8036733fdf48f74b649fdeecabef0461d991f664c9a9b1"
"knowledge-base/prabhupada-corpus/correspondence/SP_Correspondence_185_1974-12-10_to_1974-12-19.md","126538","52177ed3fef38e199cb29477a6609eb967f0aa6070051dd9bb8d1adf16eb2b69"
"knowledge-base/prabhupada-corpus/correspondence/SP_Correspondence_186_1974-12-19_to_1974-12-27.md","126730","7ffc677d9c3bd8305dcd1dd233332aeefe1ae649c512dd5a62ae658bc8070fba"
"knowledge-base/prabhupada-corpus/correspondence/SP_Correspondence_187_1974-12-27_to_1975-01-01.md","123550","1b056d608b02be72be36f265dcf5fe5204981dfa8d8595a4e66ec1b1d0616181"
"knowledge-base/prabhupada-corpus/correspondence/SP_Correspondence_188_1975-01-02_to_1975-01-09.md","124340","b30ee5715a59f19465a0d13e5c98464df4fe004b5d04d1ac7e7aa4095ff45b7f"
"knowledge-base/prabhupada-corpus/correspondence/SP_Correspondence_189_1975-01-10_to_1975-01-16.md","125846","8cd6cbb8fb5df8cdb8d814f6d642b7f966a29993ffc0ebcbfd727091675bce51"
"knowledge-base/prabhupada-corpus/correspondence/SP_Correspondence_190_1975-01-16_to_1975-02-02.md","123847","5c521d5ef1a8f3810d6fee54663de045e004298ae87f61931ceb2a15dbe0b815"
"knowledge-base/prabhupada-corpus/correspondence/SP_Correspondence_191_1975-02-02_to_1975-02-14.md","128935","2196be6f772581070075f2fe39928efb753c47bfc1520f94cc344870df702b2d"
"knowledge-base/prabhupada-corpus/correspondence/SP_Correspondence_192_1975-02-15_to_1975-03-14.md","126983","c98ae7e69ccac7a5e13ab98d8890cf63de69e1d92ee21716d6b9461744e926d6"
"knowledge-base/prabhupada-corpus/correspondence/SP_Correspondence_193_1975-03-14_to_1975-04-06.md","127635","e0f92ca90b4f554b7ff24c3acc55572fdd400c5d46cfd5ab1f09fe8ba1e5425f"
"knowledge-base/prabhupada-corpus/correspondence/SP_Correspondence_194_1975-04-08_to_1975-05-07.md","125295","7ef4301228eb0630b7c09ec2c5359885c0e9c0a1c7d39b449997c76824bf45eb"
"knowledge-base/prabhupada-corpus/correspondence/SP_Correspondence_195_1975-05-07_to_1975-05-19.md","127071","192e57e27da2380bf6050083d8206bd6b123c3100817b8a42b202849e1395c72"
"knowledge-base/prabhupada-corpus/correspondence/SP_Correspondence_196_1975-05-19_to_1975-05-28.md","123421","03bfe4a394bc8d1592fee817af2fce943a1247290adc6db8792e3e3b1ae2529c"
"knowledge-base/prabhupada-corpus/correspondence/SP_Correspondence_197_1975-05-28_to_1975-06-08.md","125946","d5e031195bb23396c5cf68bd3862872d2add3af4e84fef2c94b943d278c3698a"
"knowledge-base/prabhupada-corpus/correspondence/SP_Correspondence_198_1975-06-08_to_1975-06-17.md","124082","84424792caa3a817a8a54975b51e66b9ea799a55d6545b5cf693cbf15bcc5fa8"
"knowledge-base/prabhupada-corpus/correspondence/SP_Correspondence_199_1975-06-17_to_1975-07-01.md","124544","cb501df7dcc29d6b0e10f0c8d9c24af9d702e2f990e06052069b5ee14c990694"
"knowledge-base/prabhupada-corpus/correspondence/SP_Correspondence_200_1975-07-01_to_1975-07-13.md","125161","0d5437650b86749f3db0dd688697a3c3acc8968c2a565904e9f40d60bb47af5e"
"knowledge-base/prabhupada-corpus/correspondence/SP_Correspondence_201_1975-07-13_to_1975-07-26.md","125771","a86c8a00382984897ee63b344aaf8be5b9281b0d21938ddd59f79376a3f39631"
"knowledge-base/prabhupada-corpus/correspondence/SP_Correspondence_202_1975-07-26_to_1975-08-11.md","123390","7907d7fd40c9cecdcc7e3cd0b0dba3ec21fd78f131513de123714ca91db02fe9"
"knowledge-base/prabhupada-corpus/correspondence/SP_Correspondence_203_1975-08-15_to_1975-09-01.md","125365","bcc744ca54b086d2a73466019a630a1be98d12bc8ddbd083d80fe45b7cebf0ef"
"knowledge-base/prabhupada-corpus/correspondence/SP_Correspondence_204_1975-09-01_to_1975-09-07.md","124718","00ba6ae7fcfa78112dcf191f4d7993b9ba1bac0253752a7794c6d44a7db4dbc6"
"knowledge-base/prabhupada-corpus/correspondence/SP_Correspondence_205_1975-09-07_to_1975-09-18.md","126865","5aafd2b07b53b9b1eb250de1bd479ef0c4b1cf7dfaede032cb6c3fe828d2ca3d"
"knowledge-base/prabhupada-corpus/correspondence/SP_Correspondence_206_1975-09-18_to_1975-09-30.md","123787","14a6d1e8a0a49dc943fc81e4f626209c934864cefa6e0c379a8aee5bda39524f"
"knowledge-base/prabhupada-corpus/correspondence/SP_Correspondence_207_1975-09-30_to_1975-10-20.md","123280","09ea44e75bef518e36e5fc2d8b98c02be142167496f5d2d642c2d58757d9f64a"
"knowledge-base/prabhupada-corpus/correspondence/SP_Correspondence_208_1975-10-20_to_1975-11-09.md","123513","3bbc0134414f715457d513173ff44d7e66fe066f011defa8288c4f338112d276"
"knowledge-base/prabhupada-corpus/correspondence/SP_Correspondence_209_1975-11-09_to_1975-11-12.md","123312","9ecd8c4b6f19153d8e942077cb71e89a3b94b6e1f50a3567aea3db1221bf516b"
"knowledge-base/prabhupada-corpus/correspondence/SP_Correspondence_210_1975-11-12_to_1975-11-18.md","123484","cd338ceb71299e9fadeba2dfa2296b30a694fa1e410cfce03d2403fb897813b1"
"knowledge-base/prabhupada-corpus/correspondence/SP_Correspondence_211_1975-11-18_to_1975-12-02.md","124561","398514febd01c679e9a80f5d39bbd8fd58da0b03a0784b5685f2153dd6f534e8"
"knowledge-base/prabhupada-corpus/correspondence/SP_Correspondence_212_1975-12-02_to_1975-12-11.md","123447","f10d81533972f419e3d582a4f4bebbbaf0b5147404ddc8a4d95079299857fd93"
"knowledge-base/prabhupada-corpus/correspondence/SP_Correspondence_213_1975-12-11_to_1976-01-04.md","125030","97f064f528e869b9562482b7747d2d3f310837f0e1ce85b476702b7b43074257"
"knowledge-base/prabhupada-corpus/correspondence/SP_Correspondence_214_1976-01-05_to_1976-01-11.md","123209","98497a24a83e8e93cbeceefcce230c99bda145d7efe87b132a86a5f867370715"
"knowledge-base/prabhupada-corpus/correspondence/SP_Correspondence_215_1976-01-11_to_1976-01-22.md","129409","eb25e37cbd107395b11ad265d416216690465f4697cd5daee0a6fcc915326915"
"knowledge-base/prabhupada-corpus/correspondence/SP_Correspondence_216_1976-01-22_to_1976-01-31.md","123123","e6986d3b22f73a98b14a4968d5322f2c21abe48e3b14af5470d5dd121730bdbd"
"knowledge-base/prabhupada-corpus/correspondence/SP_Correspondence_217_1976-01-31_to_1976-02-11.md","124435","40a0b4755c0e0d9f12db3e40d25980b1a0213d5c6e54958e089138e9c110e26e"
"knowledge-base/prabhupada-corpus/correspondence/SP_Correspondence_218_1976-02-11_to_1976-02-18.md","125588","c6796df18821610a13b8f9596c98cdfe642d44a1399755cc2060b403988c66bb"
"knowledge-base/prabhupada-corpus/correspondence/SP_Correspondence_219_1976-02-19_to_1976-03-08.md","126829","84de61e58665b58352f8beb7f45c610286c52e92e7f8f0e56110ed51a416df53"
"knowledge-base/prabhupada-corpus/correspondence/SP_Correspondence_220_1976-03-11_to_1976-04-02.md","124937","fb89883ad61bfaa36ec7150bb360069bc0b344ddd992f0a82a67c19f5a776b36"
"knowledge-base/prabhupada-corpus/correspondence/SP_Correspondence_221_1976-04-02_to_1976-04-23.md","122556","ba5bb688d0306e5c5ea5e40a40aba5b4a27ba5afd8b324b2b0a53b6c602a1cf1"
"knowledge-base/prabhupada-corpus/correspondence/SP_Correspondence_222_1976-04-23_to_1976-05-09.md","122282","384c442665e9395b835732291117bcc7db046b222c1a81bc108f0a916f6662fd"
"knowledge-base/prabhupada-corpus/correspondence/SP_Correspondence_223_1976-05-09_to_1976-05-19.md","125531","ee3e4baec08aa8e7bed24fab70513fa58f1a6f96cf8d261097a1d15c038a7f9f"
"knowledge-base/prabhupada-corpus/correspondence/SP_Correspondence_224_1976-05-19_to_1976-05-29.md","124419","3c6613e576db0883aa32da2a153873cc86879155db18770758c51b9890c8818a"
"knowledge-base/prabhupada-corpus/correspondence/SP_Correspondence_225_1976-05-29_to_1976-06-07.md","122088","d4f25fb52932d14238f335093c0b9401416d5a7dba68011bf18b50993cc9f3f8"
"knowledge-base/prabhupada-corpus/correspondence/SP_Correspondence_226_1976-06-07_to_1976-06-24.md","124712","6d519c7470fd0ed10d593817654d39c10fdf909bef7b226b6adda22d9f40676b"
"knowledge-base/prabhupada-corpus/correspondence/SP_Correspondence_227_1976-06-24_to_1976-07-11.md","125325","ef9df30046a479fc2551d23ff99270b52c2f9b6f38cde51637661990c488da47"
"knowledge-base/prabhupada-corpus/correspondence/SP_Correspondence_228_1976-07-11_to_1976-07-29.md","122117","0f2e13a0855ff0b39a3276cb7cc36a88aeeb9a52045ecb64af0a8b0ea666c7b1"
"knowledge-base/prabhupada-corpus/correspondence/SP_Correspondence_229_1976-07-29_to_1976-08-20.md","121996","0d9b174565728cb0fe68870ff7987005f21f83d16b1bf68b0a70b79b10c3019b"
"knowledge-base/prabhupada-corpus/correspondence/SP_Correspondence_230_1976-08-20_to_1976-09-06.md","125249","ddb5b1b653a14e6c1977e1fa0af421dbbe2d87866bbf16dd571b788999c966d7"
"knowledge-base/prabhupada-corpus/correspondence/SP_Correspondence_231_1976-09-06_to_1976-09-18.md","122483","5702c72e61862b78cc721594157394cd877ba06f8f8d23eb3db2d3762d5539f9"
"knowledge-base/prabhupada-corpus/correspondence/SP_Correspondence_232_1976-09-18_to_1976-09-28.md","126190","4f5bfc69c2af48592622903402c938551b52b13bd1e05ad3cfc576e20f4eeb8a"
"knowledge-base/prabhupada-corpus/correspondence/SP_Correspondence_233_1976-09-28_to_1976-10-15.md","123732","c7df4c3435fd932ba425e1bc6dbc105d1340f7cdf05fb2ba644adc30324b0779"
"knowledge-base/prabhupada-corpus/correspondence/SP_Correspondence_234_1976-10-15_to_1976-10-25.md","122563","988cfc6d7407ff5e3b9057dfcbda4c17934085acb3d2374d9b401a6d2b24776d"
"knowledge-base/prabhupada-corpus/correspondence/SP_Correspondence_235_1976-10-25_to_1976-11-07.md","123037","f621e2388063c001cd06dbc60170650661097148cb1658bb4a1f355aa9451ff4"
"knowledge-base/prabhupada-corpus/correspondence/SP_Correspondence_236_1976-11-08_to_1976-11-24.md","120910","a164a0f75454a549f726c05234db41d6bae786510be7c93e4067ee05cf7e89de"
"knowledge-base/prabhupada-corpus/correspondence/SP_Correspondence_237_1976-11-24_to_1976-12-12.md","121619","40a4826c905be5c89ec2bfc6a02aabee46e0926d05c9de5aa9836b32cb9b077c"
"knowledge-base/prabhupada-corpus/correspondence/SP_Correspondence_238_1976-12-14_to_1976-12-29.md","121705","15825b5e89ad325de1df1bd74e4ae4fa8667ccd5b7f637881dc4ab95ada94ec0"
"knowledge-base/prabhupada-corpus/correspondence/SP_Correspondence_239_1976-12-29_to_1977-01-16.md","121591","1f0e9b1563e418820197d23af1de81c788940eb584b3518da0d5d125bae48e7c"
"knowledge-base/prabhupada-corpus/correspondence/SP_Correspondence_240_1977-01-16_to_1977-02-13.md","121832","9b0196b21161979fd98ebc749f87c0d744144e79dc16286d63389f24bddd6855"
"knowledge-base/prabhupada-corpus/correspondence/SP_Correspondence_241_1977-02-16_to_1977-04-02.md","121014","ca66cd78b0cd25250dcc31b147c23cd305491713185bbe1c103e05155fde7385"
"knowledge-base/prabhupada-corpus/correspondence/SP_Correspondence_242_1977-04-02_to_1977-04-28.md","123627","b2f60a83fc8591aa31e64471e09f85b5a2fe37e75d36a0e5eb48a8e39b58dd85"
"knowledge-base/prabhupada-corpus/correspondence/SP_Correspondence_243_1977-04-28_to_1977-06-10.md","120838","981b10143af515da62e579f3a29c67beff94a68782219f3f6b37d8d1a3ce8bea"
"knowledge-base/prabhupada-corpus/correspondence/SP_Correspondence_244_1977-06-11_to_1977-07-17.md","126043","746dfe499ef5e2868f5051a8a26ec3e01735f774af90a5da7a9229aa299f7b1b"
"knowledge-base/prabhupada-corpus/correspondence/SP_Correspondence_245_1977-07-18_to_1977-07-30.md","121430","e5fb47039c316769922ada1051b8ae9171b32ac8906b7ae9eee26bd051ff4013"
"knowledge-base/prabhupada-corpus/correspondence/SP_Correspondence_246_1977-08-02_to_1977-08-22.md","117522","c378c878a20d59cd4c645a57ea98ff3664951c0679e136fcf0fbd44f6db0efbb"
"knowledge-base/prabhupada-corpus/correspondence/SP_Correspondence_247_1977-08-24_to_1977-10-08.md","118438","5cd2f9b3dbd9939d1abd66dbccca805da9e8638fe1bee052baf6601f177d549c"
"knowledge-base/prabhupada-corpus/correspondence/SP_Correspondence_248_1977-10-10_to_1955-09.md","121886","90cba2b76d6a08ec0fe176ae4b7c489d01b1285f06d3d846e445012f18a50dad"
"knowledge-base/prabhupada-corpus/correspondence/SP_Correspondence_249_undated_to_undated.md","124724","202188ebb4ac71dd1b3c5ee6bd66d5546a48aec32717917f8ee08f849b677a0f"
"knowledge-base/prabhupada-corpus/correspondence/SP_Correspondence_250_undated_to_legal.md","98864","70f6877e251fec0ec2832c44247e9608d731a71374ff2d01095993bcf411eb55"
